-- MySQL dump 10.13  Distrib 5.5.53, for debian-linux-gnu (x86_64)
--
-- Host: localhost    Database: antebox
-- ------------------------------------------------------
-- Server version	5.5.53-0ubuntu0.14.04.1

/*!40101 SET @OLD_CHARACTER_SET_CLIENT=@@CHARACTER_SET_CLIENT */;
/*!40101 SET @OLD_CHARACTER_SET_RESULTS=@@CHARACTER_SET_RESULTS */;
/*!40101 SET @OLD_COLLATION_CONNECTION=@@COLLATION_CONNECTION */;
/*!40101 SET NAMES utf8 */;
/*!40103 SET @OLD_TIME_ZONE=@@TIME_ZONE */;
/*!40103 SET TIME_ZONE='+00:00' */;
/*!40014 SET @OLD_UNIQUE_CHECKS=@@UNIQUE_CHECKS, UNIQUE_CHECKS=0 */;
/*!40014 SET @OLD_FOREIGN_KEY_CHECKS=@@FOREIGN_KEY_CHECKS, FOREIGN_KEY_CHECKS=0 */;
/*!40101 SET @OLD_SQL_MODE=@@SQL_MODE, SQL_MODE='NO_AUTO_VALUE_ON_ZERO' */;
/*!40111 SET @OLD_SQL_NOTES=@@SQL_NOTES, SQL_NOTES=0 */;

--
-- Table structure for table `addresses`
--

DROP TABLE IF EXISTS `addresses`;
/*!40101 SET @saved_cs_client     = @@character_set_client */;
/*!40101 SET character_set_client = utf8 */;
CREATE TABLE `addresses` (
  `id` int(10) unsigned NOT NULL AUTO_INCREMENT,
  `user_id` int(11) NOT NULL,
  `address_line_1` text COLLATE utf8_unicode_ci NOT NULL,
  `address_line_2` text COLLATE utf8_unicode_ci,
  `state` varchar(255) COLLATE utf8_unicode_ci NOT NULL,
  `city` varchar(255) COLLATE utf8_unicode_ci NOT NULL,
  `zipcode` varchar(255) COLLATE utf8_unicode_ci NOT NULL,
  `country` varchar(255) COLLATE utf8_unicode_ci NOT NULL,
  `created_at` timestamp NOT NULL DEFAULT '0000-00-00 00:00:00',
  `updated_at` timestamp NOT NULL DEFAULT '0000-00-00 00:00:00',
  PRIMARY KEY (`id`)
) ENGINE=InnoDB DEFAULT CHARSET=utf8 COLLATE=utf8_unicode_ci;
/*!40101 SET character_set_client = @saved_cs_client */;

--
-- Dumping data for table `addresses`
--

LOCK TABLES `addresses` WRITE;
/*!40000 ALTER TABLE `addresses` DISABLE KEYS */;
/*!40000 ALTER TABLE `addresses` ENABLE KEYS */;
UNLOCK TABLES;

--
-- Table structure for table `auctions`
--

DROP TABLE IF EXISTS `auctions`;
/*!40101 SET @saved_cs_client     = @@character_set_client */;
/*!40101 SET character_set_client = utf8 */;
CREATE TABLE `auctions` (
  `id` int(10) unsigned NOT NULL AUTO_INCREMENT,
  `user_id` int(11) NOT NULL,
  `item_name` varchar(255) COLLATE utf8_unicode_ci NOT NULL,
  `item_quantity` int(11) NOT NULL,
  `description` varchar(255) COLLATE utf8_unicode_ci NOT NULL,
  `parcel_size` varchar(255) COLLATE utf8_unicode_ci NOT NULL,
  `size_h` double(8,2) NOT NULL,
  `size_w` double(8,2) NOT NULL,
  `size_d` double(8,2) NOT NULL,
  `origin` varchar(255) COLLATE utf8_unicode_ci NOT NULL,
  `destination` varchar(255) COLLATE utf8_unicode_ci NOT NULL,
  `meeting_x` varchar(255) COLLATE utf8_unicode_ci NOT NULL,
  `meeting_y` varchar(255) COLLATE utf8_unicode_ci NOT NULL,
  `deadline` datetime NOT NULL,
  `created_at` timestamp NOT NULL DEFAULT '0000-00-00 00:00:00',
  `updated_at` timestamp NOT NULL DEFAULT '0000-00-00 00:00:00',
  PRIMARY KEY (`id`)
) ENGINE=InnoDB AUTO_INCREMENT=9 DEFAULT CHARSET=utf8 COLLATE=utf8_unicode_ci;
/*!40101 SET character_set_client = @saved_cs_client */;

--
-- Dumping data for table `auctions`
--

LOCK TABLES `auctions` WRITE;
/*!40000 ALTER TABLE `auctions` DISABLE KEYS */;
INSERT INTO `auctions` VALUES (1,1,'asdawd',0,'adawddawasdaw','',0.00,0.00,0.00,'AD','AG','51.52710832457112','-0.22624969482421875','2016-04-07 19:30:55','2016-04-03 08:50:04','2016-04-03 08:50:04'),(2,1,'asdawd',0,'adawddawasdaw','',0.00,0.00,0.00,'AD','AG','51.52710832457112','-0.22624969482421875','2016-04-07 19:30:55','2016-04-03 08:51:52','2016-04-03 08:51:52'),(3,1,'awd',0,'dawdadwadawdaw','',0.00,0.00,0.00,'AU','AZ','','','2016-04-29 16:30:35','2016-04-03 08:55:58','2016-04-03 08:55:58'),(4,1,'assadasd',0,'asdsadsadasd','',0.00,0.00,0.00,'AS','AZ','','','2016-04-08 21:30:00','2016-04-08 15:03:15','2016-04-08 15:03:15'),(5,1,'dsaadsa',0,'adsadsasd','',0.00,0.00,0.00,'AM','AW','51.50479628380162','-0.24959564208984375','2016-05-26 00:50:00','2016-05-10 11:27:37','2016-05-10 11:27:37'),(6,1,'Shsjsjshsh',0,'Jajdjdbskdjhdsj','',0.00,0.00,0.00,'AD','AT','51.53629915545823','-0.20084381103515625','2016-05-19 00:00:00','2016-05-17 04:30:49','2016-05-17 04:30:49'),(7,1,'asdasds',0,'asdasdasd','',0.00,0.00,0.00,'ANYWHERE','AX','51.529213866326394','-0.23865222930908203','2016-05-25 00:00:00','2016-05-17 08:29:31','2016-05-17 08:29:31'),(8,1,'dasdasda',0,'asddasasdasd','',0.00,0.00,0.00,'ANYWHERE','AI','51.52869246733548','-0.2423858642578125','2016-10-13 00:00:00','2016-05-26 06:50:04','2016-05-26 06:50:04');
/*!40000 ALTER TABLE `auctions` ENABLE KEYS */;
UNLOCK TABLES;

--
-- Table structure for table `bid`
--

DROP TABLE IF EXISTS `bid`;
/*!40101 SET @saved_cs_client     = @@character_set_client */;
/*!40101 SET character_set_client = utf8 */;
CREATE TABLE `bid` (
  `id` int(10) unsigned NOT NULL AUTO_INCREMENT,
  `user_id` int(10) unsigned NOT NULL,
  `request_id` int(10) unsigned NOT NULL,
  `price` double(10,2) NOT NULL,
  `msg` varchar(255) COLLATE utf8_unicode_ci DEFAULT NULL,
  `date` date NOT NULL,
  `date_flex` tinyint(1) NOT NULL DEFAULT '0',
  `time` time NOT NULL,
  `time_flex` tinyint(1) NOT NULL DEFAULT '0',
  `request_place_id` int(10) unsigned NOT NULL,
  `status` varchar(255) COLLATE utf8_unicode_ci NOT NULL DEFAULT 'Open',
  `created_at` timestamp NULL DEFAULT NULL,
  `updated_at` timestamp NULL DEFAULT NULL,
  PRIMARY KEY (`id`),
  KEY `bid_request_id_foreign` (`request_id`),
  KEY `bid_user_id_foreign` (`user_id`),
  KEY `bid_request_place_id_foreign` (`request_place_id`),
  CONSTRAINT `bid_request_id_foreign` FOREIGN KEY (`request_id`) REFERENCES `request` (`id`),
  CONSTRAINT `bid_request_place_id_foreign` FOREIGN KEY (`request_place_id`) REFERENCES `request_places` (`id`),
  CONSTRAINT `bid_user_id_foreign` FOREIGN KEY (`user_id`) REFERENCES `users` (`id`)
) ENGINE=InnoDB AUTO_INCREMENT=97 DEFAULT CHARSET=utf8 COLLATE=utf8_unicode_ci;
/*!40101 SET character_set_client = @saved_cs_client */;

--
-- Dumping data for table `bid`
--

LOCK TABLES `bid` WRITE;
/*!40000 ALTER TABLE `bid` DISABLE KEYS */;
INSERT INTO `bid` VALUES (27,75,41,260.00,'You will get it 100% fresh from me','2016-06-17',1,'16:00:00',1,54,'Accepted','2016-06-10 08:09:37','2016-06-10 12:13:55'),(28,65,40,20.00,'Hello, happy to bring this for you','2016-07-28',0,'09:00:00',1,55,'Open','2016-06-10 09:24:39','2016-06-10 09:24:39'),(29,1,40,34.00,'Hello','2016-06-10',1,'00:00:00',1,56,'Open','2016-06-10 17:31:09','2016-06-10 17:31:09'),(30,1,40,12.00,'better price','2016-06-10',0,'00:00:00',1,52,'Open','2016-06-10 17:38:26','2016-06-10 17:38:26'),(31,1,42,23.00,'','2016-06-22',0,'00:00:00',0,57,'Open','2016-06-14 08:22:42','2016-06-14 08:22:42'),(32,1,45,5.00,'','2016-06-15',0,'00:00:00',0,60,'Accepted','2016-06-14 08:24:07','2016-06-14 08:26:54'),(33,1,46,43.00,'','2016-06-14',0,'00:00:00',0,61,'Accepted','2016-06-14 08:30:26','2016-06-14 08:33:33'),(34,1,48,123.00,'','2016-06-14',0,'00:00:00',0,63,'Accepted','2016-06-14 08:37:56','2016-06-14 08:38:05'),(35,16,44,0.05,'hello','2016-06-16',1,'00:00:00',1,59,'Accepted','2016-06-14 17:15:33','2016-06-14 17:17:59'),(36,16,44,0.00,'dd','2016-06-14',1,'00:00:00',1,59,'Open','2016-06-14 17:19:58','2016-06-14 17:19:58'),(37,16,44,0.01,'dd','2016-06-14',0,'00:00:00',0,59,'Open','2016-06-14 17:20:26','2016-06-14 17:20:26'),(38,1,45,34.00,'','2016-06-15',0,'00:00:00',0,60,'Open','2016-06-15 11:06:42','2016-06-15 11:06:42'),(39,1,43,6.00,'Hello :)','2016-06-17',0,'14:00:00',0,58,'Cancelled','2016-06-15 16:47:05','2016-06-15 16:47:34'),(40,1,43,6.00,'Hello :)','2016-06-23',0,'14:00:00',0,58,'Cancelled','2016-06-15 16:47:52','2016-06-15 16:48:14'),(41,1,43,6.00,'Hello :)','2016-06-23',0,'14:00:00',0,58,'Open','2016-06-15 16:49:25','2016-06-15 16:49:25'),(42,1,48,123.00,'Hello','2016-06-16',0,'00:00:00',0,63,'Open','2016-06-16 17:31:23','2016-06-16 17:31:23'),(43,16,49,11.00,'ee','2016-06-24',0,'00:00:00',0,64,'Declined','2016-06-24 17:43:28','2016-06-25 15:28:15'),(44,16,49,12.00,'test','2016-06-24',0,'21:00:00',0,64,'Declined','2016-06-24 17:44:13','2016-06-25 15:28:15'),(45,4,49,2.00,'I am visiting Cyprus on the 21st of July, is that too late for you?','2016-07-21',0,'13:00:00',0,64,'Accepted','2016-06-24 17:46:51','2016-06-25 15:28:15'),(46,16,57,12.00,'hello\r\nthelw kati na sou pw\r\npws den kserw ti na sou pw\r\nepeidi den exw tipota allo na sou pw\r\nektos apo auto pou sou eipa idi\r\nxe xe xe\r\nxe','2016-07-02',1,'23:00:00',1,72,'Declined','2016-06-27 18:57:56','2016-06-28 18:04:01'),(47,21,56,3.00,'','2016-06-09',0,'17:00:00',0,71,'Declined','2016-06-28 05:43:24','2016-07-21 07:08:57'),(48,16,56,12.00,'hello, how are you? are you fine? nice! \r\nGreat!!! Please let me have this Stuffed Breaded Custard ! It\'s my dream to deliver it to you!','2016-06-29',1,'00:00:00',1,71,'Declined','2016-06-29 16:28:00','2016-07-21 07:08:57'),(49,16,56,122.00,'hello, how are you? are you fine? nice! \r\nGreat!!! Please let me have this Stuffed Breaded Custard ! It\'s my dream to deliver it to you!hello, how are you? are you fine? nice! \r\nGreat!!! Please let me have this Stuffed Breaded Custard ! It\'s my dream to d','2016-06-29',1,'00:00:00',1,71,'Declined','2016-06-29 16:28:18','2016-07-21 07:08:57'),(50,16,56,0.01,'hello, how are you? are you fine? nice! \r\nGreat!!! Please let me have this Stuffed Breaded Custard ! It\'s my dream to deliver it to you!','2016-06-29',1,'00:00:00',1,71,'Declined','2016-06-29 16:30:45','2016-07-21 07:08:57'),(51,1,63,2.50,'Hey!\r\nNice choice of product :)','2016-11-20',1,'17:00:00',1,78,'Declined','2016-07-18 08:00:44','2016-07-18 08:08:38'),(52,1,63,2.53,'Hey!\r\nNice choice of product :)','2016-11-19',0,'17:00:00',1,78,'Declined','2016-07-18 08:01:42','2016-07-18 08:08:38'),(53,1,63,2.53,'Hey!\r\nNice choice of product :)','2016-10-15',0,'18:00:00',1,78,'Accepted','2016-07-18 08:04:04','2016-07-18 08:08:38'),(54,4,58,0.50,'Happy to bring this to you','2016-07-21',0,'19:00:00',0,73,'Declined','2016-07-18 12:03:31','2016-07-20 10:10:37'),(55,4,59,0.37,'Happy to take this to Eleni!','2016-07-21',0,'19:30:00',0,74,'Declined','2016-07-18 12:10:15','2016-07-20 18:04:02'),(56,4,58,0.50,'Happy to bring this to you','2016-07-21',0,'20:00:00',0,73,'Accepted','2016-07-18 12:11:17','2016-07-20 10:10:37'),(57,4,64,0.50,'Happy to bring this for you','2016-07-21',0,'19:30:00',0,79,'Accepted','2016-07-19 05:29:32','2016-07-19 05:55:46'),(58,4,65,0.37,'Happy to bring this for you, it looks nice!','2016-07-21',0,'18:00:00',0,80,'Accepted','2016-07-20 22:07:54','2016-07-21 04:04:07'),(59,21,66,2.00,'','2016-07-21',0,'00:00:00',0,81,'Accepted','2016-07-21 07:06:25','2016-07-21 07:06:49'),(60,21,56,5.00,'','2016-07-21',0,'00:00:00',0,71,'Accepted','2016-07-21 07:08:40','2016-07-21 07:08:57'),(61,19,67,3.00,'','2016-07-21',0,'00:00:00',0,82,'Accepted','2016-07-21 08:45:16','2016-07-21 08:45:37'),(62,4,68,0.50,'Thank you Justin','2016-07-26',0,'03:00:00',0,83,'Accepted','2016-07-25 06:29:51','2016-07-25 06:49:46'),(63,1,69,0.00,'','2016-07-25',0,'00:00:00',0,84,'Accepted','2016-07-25 09:12:41','2016-07-25 09:14:41'),(64,4,74,0.00,'Happy to bring this for you','2016-08-26',0,'03:00:00',0,89,'Declined','2016-08-25 17:38:47','2016-08-25 21:00:01'),(65,37,73,10.00,'I would love to bring you halloumi cheese','2016-09-27',0,'22:00:00',0,88,'Accepted','2016-08-28 13:52:27','2016-08-28 13:53:54'),(66,4,76,1.00,'Happy to bring this for you Christos','2016-09-03',0,'11:00:00',0,91,'Declined','2016-09-02 07:03:48','2016-09-09 10:43:58'),(67,21,76,2.50,'','2016-09-03',0,'10:30:00',0,91,'Declined','2016-09-02 07:14:27','2016-09-09 10:43:58'),(68,21,76,0.50,'','2016-09-03',0,'00:00:00',1,92,'Declined','2016-09-02 07:15:12','2016-09-09 10:43:58'),(69,21,76,3.00,'','2016-09-02',0,'00:00:00',0,91,'Declined','2016-09-02 10:05:03','2016-09-09 10:43:58'),(70,21,76,3.00,'','2016-09-02',0,'00:00:00',0,91,'Declined','2016-09-02 10:07:39','2016-09-09 10:43:58'),(71,1,75,0.50,'','2016-09-05',0,'17:00:00',0,90,'Declined','2016-09-02 10:11:29','2016-09-08 21:00:02'),(72,1,75,4.00,'','2016-09-08',0,'00:00:00',0,90,'Declined','2016-09-08 16:51:59','2016-09-08 21:00:02'),(73,21,76,3.00,'','2016-09-09',0,'00:00:00',0,91,'Accepted','2016-09-09 10:43:34','2016-09-09 10:43:58'),(74,4,86,5.00,'I can bring it till London','2016-10-17',1,'17:00:00',1,104,'Declined','2016-10-14 14:04:43','2016-10-14 21:00:02'),(75,4,88,10.00,'I can bring this to London','2016-10-17',0,'16:00:00',0,106,'Declined','2016-10-14 15:09:52','2016-10-15 21:00:01'),(76,65,82,15.00,'I can try and bring this for you','2016-10-31',0,'12:00:00',0,107,'Cancelled','2016-10-16 08:32:43','2016-10-16 08:34:49'),(77,4,90,10.00,'I can bring this till Sheffield','2016-10-28',0,'20:00:00',0,110,'Accepted','2016-10-17 11:34:04','2016-10-18 19:36:50'),(78,65,91,20.00,'Hey, I think I can bring this','2016-10-26',0,'17:00:00',0,111,'Declined','2016-10-17 11:37:12','2016-10-17 11:48:14'),(79,65,91,20.00,'I can bring it here maybe','2016-10-25',0,'19:00:00',0,112,'Accepted','2016-10-17 11:42:02','2016-10-17 11:48:14'),(80,1,92,14.00,'hey','2016-10-17',0,'00:00:00',0,113,'Cancelled','2016-10-17 17:41:14','2016-10-17 17:42:37'),(81,4,80,20.00,'','2016-10-28',1,'04:00:00',1,96,'Accepted','2016-10-17 17:45:26','2016-10-17 17:45:39'),(82,8,89,0.01,'Please confirm','2016-10-22',0,'16:00:00',0,108,'Accepted','2016-10-18 04:11:00','2016-10-18 19:32:01'),(83,4,93,5.00,'OMG, I can try and bring it for you!','2016-10-20',0,'20:00:00',0,114,'Declined','2016-10-18 06:29:08','2016-10-24 21:00:01'),(84,21,95,7.00,'','2016-10-26',1,'17:00:00',1,116,'Declined','2016-10-21 17:32:43','2016-10-25 21:00:01'),(85,1,85,0.50,'I can bring this to you! :)','2016-10-27',1,'17:00:00',1,101,'Declined','2016-10-26 08:51:43','2016-10-31 22:00:02'),(86,1,85,0.20,'If is not emergency i can bring this to you on Sunday','2016-10-30',1,'11:00:00',1,101,'Declined','2016-10-26 09:20:38','2016-10-31 22:00:02'),(87,101,98,10.00,'I can bring this','2016-11-10',0,'21:00:00',0,119,'Accepted','2016-11-09 21:26:03','2016-11-09 21:26:33'),(88,37,100,10.00,'I could deliver the panettone for you.','2016-11-17',0,'14:00:00',0,121,'Declined','2016-11-15 20:42:58','2016-11-16 22:00:01'),(89,4,96,5.00,'Hey','2016-11-20',0,'19:00:00',0,117,'Accepted','2016-11-19 14:47:47','2016-11-19 14:48:00'),(90,123,104,17.50,'Hello Martina! Thank you for requesting our products. We would be happy to send them to you via the post office, if you do not receive a bid from a traveler.\r\n\r\nThe cost for up to a kilo is 17.50eu (for 3KG 24EU, 2KG 21EU) thus it is more economical to se','2016-11-27',0,'13:00:00',0,125,'Accepted','2016-11-19 15:46:20','2016-11-19 20:37:17'),(91,4,106,100.00,'','2016-11-24',0,'14:00:00',0,129,'Declined','2016-11-21 13:46:06','2016-11-25 22:00:02'),(92,1,106,15.00,'','2016-11-25',1,'00:00:00',1,127,'Declined','2016-11-24 17:10:19','2016-11-25 22:00:02'),(93,123,107,17.50,'Hello, can send this to you by Cyprus mail','2016-12-02',0,'13:00:00',0,128,'Declined','2016-11-25 13:30:34','2016-11-25 22:00:02'),(94,123,110,17.50,'Hello Chris, thank you for your order. We would love to ship this for you. It usually takes up to a week to arrive to you.','2016-12-07',0,'13:00:00',0,132,'Declined','2016-11-30 12:15:53','2016-12-03 22:00:02'),(95,123,112,31.00,'Hello Martina! We are so happy that you enjoyed our products. Gladly we can send you your order via the same way. Cost of 1 x sousouko (500gr) is 7eu and 24eu is delivery for 3kg, total 31eu. Let me know if you need anything else in your order','2016-12-14',0,'13:00:00',0,134,'Accepted','2016-12-07 13:58:00','2016-12-07 14:24:45'),(96,65,113,20.00,'I can deliver','2016-12-11',0,'17:00:00',0,135,'Declined','2016-12-08 15:57:54','2016-12-08 16:12:54');
/*!40000 ALTER TABLE `bid` ENABLE KEYS */;
UNLOCK TABLES;

--
-- Table structure for table `company`
--

DROP TABLE IF EXISTS `company`;
/*!40101 SET @saved_cs_client     = @@character_set_client */;
/*!40101 SET character_set_client = utf8 */;
CREATE TABLE `company` (
  `id` int(10) unsigned NOT NULL AUTO_INCREMENT,
  `email` varchar(255) COLLATE utf8_unicode_ci NOT NULL,
  `name` varchar(255) COLLATE utf8_unicode_ci NOT NULL,
  `site` varchar(255) COLLATE utf8_unicode_ci NOT NULL,
  `pic_url` varchar(255) COLLATE utf8_unicode_ci NOT NULL DEFAULT 'company.png',
  `vid_url` varchar(255) COLLATE utf8_unicode_ci DEFAULT NULL,
  `phone` varchar(255) COLLATE utf8_unicode_ci DEFAULT NULL,
  `address` varchar(255) COLLATE utf8_unicode_ci DEFAULT NULL,
  `country` varchar(255) COLLATE utf8_unicode_ci NOT NULL,
  `city` varchar(255) COLLATE utf8_unicode_ci DEFAULT NULL,
  `zip_code` varchar(255) COLLATE utf8_unicode_ci DEFAULT NULL,
  `twitter` varchar(255) COLLATE utf8_unicode_ci DEFAULT NULL,
  `facebook` varchar(255) COLLATE utf8_unicode_ci DEFAULT NULL,
  `instagram` varchar(255) COLLATE utf8_unicode_ci DEFAULT NULL,
  `youtube` varchar(255) COLLATE utf8_unicode_ci DEFAULT NULL,
  `about` longtext COLLATE utf8_unicode_ci NOT NULL,
  `quote` varchar(255) COLLATE utf8_unicode_ci NOT NULL,
  `quote_author` varchar(255) COLLATE utf8_unicode_ci NOT NULL,
  `map_x` varchar(255) COLLATE utf8_unicode_ci DEFAULT NULL,
  `map_y` varchar(255) COLLATE utf8_unicode_ci DEFAULT NULL,
  `created_at` timestamp NULL DEFAULT NULL,
  `updated_at` timestamp NULL DEFAULT NULL,
  `nickname` varchar(255) COLLATE utf8_unicode_ci NOT NULL,
  PRIMARY KEY (`id`),
  UNIQUE KEY `company_email_unique` (`email`)
) ENGINE=InnoDB AUTO_INCREMENT=20 DEFAULT CHARSET=utf8 COLLATE=utf8_unicode_ci;
/*!40101 SET character_set_client = @saved_cs_client */;

--
-- Dumping data for table `company`
--

LOCK TABLES `company` WRITE;
/*!40000 ALTER TABLE `company` DISABLE KEYS */;
INSERT INTO `company` VALUES (1,'info@cyprusgrapefarm.com','Monagri Grape Farm','http://www.cyprusgrapefarm.com','1.jpg','1.mp4','0035797879760','Monagri','Cyprus','Limassol','4746','','https://www.facebook.com/MonagriGrapeProductsLtd/','','https://www.youtube.com/channel/UCLbRG1wlJjhRa_5n_MVCLzA/','Opening the business in 2012, we wanted to keep our family\'s tradition alive. The name Euanthia Konnari, is in honor of the owners\' mother. We always make the products with the best ingredients like our family used to do them more than 50 years ago, naturally produced in our farms that you can visit.','More than 50 years of traditions and recipes ','Lenia Nikodemou','34.8124722','32.911944399999996','2016-05-04 06:49:06','2016-11-12 16:46:04','grapefarm'),(2,'Info@qualitylifeitalianmade.co.uk','Quality Life Italian Made','http://www.qualitylifeitalianmade.co.uk/','2.jpg','','+39 (0) 347 3837714','','Italy','','','','https://www.facebook.com/qualitylife.italianmade/','','','Three  Italian fans of the quality of life, grown with good, genuine and wholesome food, want to raise awareness around the world of the riches of the culinary tradition that belongs to their land, the Marche. \r\n\r\nAfter working in different fields they found themselves united by the same goal; living a quality life by doing what they like. They now want to share outside the borders of their beautiful Italy their traditions, with recipes from their grandmothers and craftsmanship of local producers.\r\n\r\nTheir project starts here on AnteBox and can be found in London, that is a meeting point of cultures and peoples around the world with the desire to convey to anyone who meets the love for healthy and traditional food.\r\n\r\nOrder online or visit their stall in the Camden Market to enjoy their Ascolana fried stuffed olives, fried mozzarella, fried stuffed olives stuffed with truffles and fried logs of aniseed-flavoured cream. …. You can not live without them … .. !!!\r\n\r\nSee you soon,\r\nHenry, Mark and Rosita','Italian high quality food products, made by Italian local farmers!','Henry, Mark and Rosita','','','2016-05-31 06:37:04','2016-08-28 13:23:57','qualitylifeitalianmade'),(3,'info@halloumi-lygias.com','Halloumi Lygias','http://www.halloumi-lygias.com/','3.png','','00357 25 57 37 48','   Zia Gkiokalmp,','Cyprus','Limassol','3010','','','','','The halloumi cheese is made in Cyprus by our company Stelios S. Staurinou LTD. The founders and owners are Mr. Stelios, that graduated from the Ioannina Dairy School, and his wife Mrs. Lygia. They started together 25 years ago! \r\nMrs. Lygia grew up in a small village called Saint Ambrosios in Cyprus and spent her summers with her family’s sheep in the fields. From a young age, she learned all the key secrets for making halloumi cheese as if she knew as a child that she would do this as a living in the future!\r\nIn the end, science met tradition and tradition met science. For 25 years now, Lygia’s halloumi possesses a special position in the market. It’s famous for its authenticity and its quality since its produced from 100% sheep’s milk, under the strictest sanitary conditions.\r\n\r\nThank you!\r\n\r\nLygia Stylianou\r\n','It’s a jewel of tradition and science, authenticity, hard work and a promise that the tradition is continued ',' Lygia Stylianou','34.665052','33.023223','2016-06-02 17:52:34','2016-12-19 10:26:12','halloumi-lygias'),(4,'elenapaximadia@cytanet.com.cy','Elena\'s Traditional Rusks','http://www.paximadiaelena.com/home/','4.PNG','','0035722758813','Arch. Makarios III,  Paliometocho','Cyprus','Nicosia','942682','','https://www.facebook.com/paximadiaelenas/','','','With flavors drawn from our tradition, with familiar yet unique and enjoyable recipes, with vision and values, Elena’s Rusks have become a part of our daily life, they accompany our coffee, our moments with friends and breaks from work.','Grandmother Helena herself kneads and takes the bread out of the oven.','Andri Vassiliou','35.131600','33.200992','2016-07-11 18:20:55','2016-12-19 10:26:48','elenas-traditional-rusks'),(5,'info@chefluigi.it','Chef Luigi','http://www.chefluigi.it/','5.jpg','','+393314787780','VIA LA ROCCA NO. 15','Italy','Nola (Naples)','80035','https://twitter.com/ChefLuigi_it','https://www.facebook.com/chefluigitaly','','','Chef Luigi is a concept created by a group of food professionals with years of experience in their field. The goal is offering the excellence of italian food products on an international scale.\r\n\r\nChef Luigi packs in his boxes high quality produce and authentic traditional italian recipes, giving you all the necessities to cook your own real italian meal.\r\n\r\nWith one of Chef Luigi’s boxes, anyone, anywhere can experience the journey through cooking italian traditional flavours.\r\n','Wherever you want, with whoever you want','Federica Marino','40.923481','14.5298404','2016-07-26 16:46:21','2016-07-28 19:09:20','chefluigi'),(6,'info@tresorelleshop.com','TRE SORELLE','http://tresorelleshop.com/','6.PNG','6.mp4','+39 090 2931003','Viale Europa 112/120','Italy','Messina','98123','https://twitter.com/prestashop','https://www.facebook.com/prestashop','','','Our company was born in 1962 when Nino D\'amico and his wife decided to create the \"Tre Sorelle\" in Messina. He transferred his knowledge to his nephew and from that moment on we\'ve been transferring the tradition from generation to generation.\r\nOur main goal is to respect our local products and use them in the best way, improving them to best fit our consumer\'s needs and provide them the best taste experience. ','We\'re proud to call ourselves handcrafters. ','Giada Patti','38.1901462','15.5171338 ','2016-07-26 17:41:27','2016-07-29 19:19:10','tresorelle'),(7,'m.f.orosmaxaira@hotmail.com','Machairas Mountain Honey','http://www.orosmaxaira.com/index.html','7.PNG','7.mp4','00357 99 937 230','Odou','Cyprus','Larnaca','7718','','https://www.facebook.com/%CE%9C%CE%B5%CE%BB%CE%B9%CF%83%CF%83%CE%BF%CE%BA%CE%BF%CE%BC%CE%B5%CE%AF%CE%B1-%CE%8C%CF%81%CE%BF%CF%82-%CE%9C%CE%B1%CF%87%CE%B1%CE%B9%CF%81%CE%AC-413391795418495/','','','In the early 1980s, when Kostas Chimonas and Michalis Filippou started their beekeeping adventure with only 5 beehives, they never imagined that one day this experiment would become their primary business. Working hard with great love for their bees, they managed to increase the number of their beehives from 5 to 250 in the 1980s. As a result, they produced enough natural honey not only for their families and relatives, but also began trading in small volumes of honey.\r\nDuring the 1990s, their honey became known, through word of mouth, to the people of Cyprus, and sales began to increase. With the growth of sales, they increased the number of their hives. Gradually, from 250 beehives in the early 1990s, they managed to have one thousand by the end of the decade.','We can personally ensure the high quality of our honey, since we ourselves are the producers, bottlers and shippers','Valentinos Filippou','34.896383','33.148699','2016-07-28 17:42:28','2016-11-16 06:48:48','orosmaxaira'),(8,'info@providencefoodsllc.com','Providence Foods LLC.','http://providencefoods.mysimplestore.com/','8.png','','(318) 559-559-4546','409 Charles D. Jones Blvd.  Lake Providence, ','USA','Lake Providence','71254','','','','','Based in northern Louisiana, Providence Foods LLC., distributes specialty food items for institutional, retail and private-label customers. The company’s principals possess decades of experience in the manufacturing and marketing of food products from north Louisiana to regional, national and global customers. Providence Foods specialties include sliced green tomatoes, tomato relish, jalapeño relish, chow-chow, barbecue sauce and other vegetable and relish medleys. With over 12,000 square feet of facility for the building, the company now lends itself as an emporium to the complete range of handmade relish and preserves. Production, as well as our offices are now a stones throw from the shop. If visiting please do let us know as we will be delighted to arrange a tour of our production facility as well as an opportunity to meet the ‘Relish’ team.','LOUISIANA\'S BEST KEPT SECRET','Grady Brown','32.8084837','-91.1729001','2016-08-23 18:56:02','2016-08-23 18:56:02','providencefoods'),(9,'commerciale@feudotto.it','La Goccia d’Oro s.c.a.','http://www.lagocciadoro.it/?lang=en_us','9.jpg','','','Contrada Feudotto','Italy','Menfi (AG)','92013','https://twitter.com/LaGocciadOro?lang=it','https://www.facebook.com/lagocciadoro/?ref=bookmarks','https://www.instagram.com/lagocciadoro/','','\"La Goccia d’Oro \" is an agricultural cooperative which joins over than 1,100 farmers. We are in Menfi in the province of Agrigento, an area well-suited to the olives growing.\r\n\r\nWe work with the Horeca Channel and we have received over time several awards, including “PREMIO GRANDE OLIO D’ITALIA Slow Food” for our Feudotto MONOVARIETALE NOCELLARA BELICE, which confirms our enthusiasm and continuous efforts in research of the highest QUALITY . Since 2013, our Company with the aim of creating more and more trust and credibility installed new software for the agri-food traceability applying the UNI-N-ISO-22005 (on the agri-food traceability).This allows the customer to follow products through all stages of the agri-food chain - from production to retail.Through our web site Feudotto.it, the customer can build backwards the entire production process. The software gives all the information about the product (batch number, bottle size, description, date production, expiration date, silos, olive variety, cultivation area, oil acidity, the  map of the cultivation  area).','Our Mission is to enhance products supplied by our partners through the processing and marketing of quality finished products with its own brands, Feudotto and Ottobre','Giuseppe Oro','37.6317408','12.9763386','2016-10-11 06:57:25','2016-10-11 07:21:23','lagocciadoro'),(10,'info@wilton.com.cy','Wilton Patisserie','http://www.wilton.com.cy/','10.png','10.mp4','+35725770200','34, Kolonakiou, Linopetra, ','Cyprus','Limassol','4103','https://twitter.com/WiltonPatisseri','https://www.facebook.com/WiltonPatisserie/','','https://www.youtube.com/channel/UCrKxAAyTZUQ43hwZ2UIaIsA','Wilton Patisserie was established in 1986 and we are proud of twenty-seven years of sweetening our consumers with a wide variety of products.','Professionalism with friendliness and possessed of reliability','Christos Neokleous','34.697268','33.070621','2016-10-12 09:22:59','2016-10-12 09:22:59','wilton'),(11,'info@agriturimopattina.it','Azienda Agricola Pattina','http://www.agriturismopattina.it/','11.png','','+39 092 133 6204','C.da Pattina','Italy','Motta d’Affermo (ME)','98070','','https://www.facebook.com/agriturismopattina/','','','We love our homeland. Our dream is to give value to the peculiarities of our territory and bring them to the knowledge of excellency oriented customers. With this brave attitude, in 2010 we established Pattina farm: a young and enthusiast reality deeply rooted in ancient tradition, just like our olive trees. Every day we stubbornly dedicate our work to follow each and every phase of our cultivations. Our products range from premium extra virgin olive oil, hazelnuts, oregano, jams and other exquisite local specialties. We are a young company convinced that enhancing and promoting the potential of our territory is the key to business success. We firmly believe in this and we love the idea of recovering and giving new life to our family spirit, projected to the latest market opportunities.','“A mosaic of tastes”','G. Catanzaro and G. Cuva','37.997058','14.294672','2016-10-13 08:15:41','2016-10-13 13:06:00','pattina'),(12,'info@profumino.com','Profumino','http://www.profumino.com/','12.png','','+39 3394147762','Via Napoli','Italy','Carunchio (CH)','66050','','https://www.facebook.com/antonioprofumino','','','We have over 25 years of truffle hunters, this product in our woods in different varieties and in different periods of the year. The passion for truffles and nature pushes us every day to walk paths and waterways i n search of the precious tuber. Our aim is\' to bring to the table that unmistakable scent of truffle damp earth, moss and shrubs, \"thrilling\" as the most refined palates. For th is reason we have chosen to sell mainly fresh produce grown in Abruzzo and Molise territories .','The passion for truffles and nature pushes us every day to walk paths and waterways','Antonio Caracciolo','41.9067308','14.5068989','2016-10-17 12:31:39','2016-10-19 06:01:34','profumino'),(13,'info@laclementina.net','La Clementina','http://www.laclementina.net/en/','13.png','','','Strada di Mercandante ','Italy','Abbiategrasso (MI) ','20081','https://twitter.com/aa_laclementina','','','','La Clementina was born 10 years ago from the idea of its owner, Massimo Grugni, who decide to cultivate berries in Lombardy. The farm is located in Abbiategrasso, near the Ticino Park, and now covers an area of 10 hectares; the crop of raspberries, blackberries and blueberries is done in rows, that grow under a shaded cover. In the farm there is also a greenhouse for growing strawberries, which provides up to four harvests per year. Another very important farm activity is the honey production: 12 hives guarantee us \r\nabout 8 tons of honey production, split between Acacia and Millefiori. \r\nThe particular technique of vacuum cooking allows to obtain high quality products which retain unaltered the organoleptic properties of the \r\nfresh fruit\r\n','Flavours of untouched nature','Massimo Grugni','45.3911713','8.8923094','2016-10-27 09:54:15','2016-10-27 09:54:15','laclementina'),(14,'emad.gharzuddine@union-three.com','Annette\'s Specialty Dough','https://www.facebook.com/caringlylowcarb','14.jpg','','09-926780','','Lebanon','','','','https://www.facebook.com/caringlylowcarb','','','Annette’s high-quality, low carbohydrate flour and products are the fine result of two years working alongside an international team of doctors and food technologists, to provide the best in quality. \r\n\r\nThe refined taste and premium healthy ingredients, especially developed for those with type 2 diabetes, are what makes us unique.\r\n\r\nNow with Annette’s, you can enjoy every single bite, and always remember that with care, everything tastes better.','With caringly low carbs, comes mouth watering comfort','Annette','','','2016-11-04 18:12:45','2016-11-14 09:37:34','annettes'),(15,'carmen.zotti@terredicarmen.it','Terre di Carmen','http://terredicarmen.net/','15.png','','','Via Nepole, 1 Morciano di Leuca (LE)','Italy','Torre Vado','','https://twitter.com/terredicarmen','https://www.facebook.com/terredicarmenoliveoil','https://www.instagram.com/terredicarmenoliveoil/','','Terre di Carmen is a company of the Salento area of Puglia, specialized in the production and sale of high-quality  extra virgin olive oil: “The Gold of Salento”. The company produces several types of olive oil, including one of the best extra virgin olive oil in Italy, with nutraceutical properties, awarded with “3 Drops” in the competition “The Gold of Italy”, reviewed by “Extra Virgin Guide” of Slow Food and the prestigious “Gambero Rosso” guide.','“My commitment to clean agriculture and quality is a gift for all generations to come”\r\n','Mrs Carmen Zotti','39.8307245','18.2832376','2016-11-12 18:49:33','2016-11-12 18:52:18','terredicarmen'),(16,'info@caviarblanc.pt','Caviar Blanc','http://caviarblanc.pt/','16.png','','+351 965 659 108','Algarve Region','Portugal','','','','https://www.facebook.com/caviarblanc/?fref=ts','https://www.instagram.com/caviar.blanc/','',' Family recipe, allowed a young-men to seek a natural, pure and innovative product as a luxury ingredient for the high level cuisine. Quality and consistency is the major request, so that you can taste the best and selected Escargot Eggs produced in similar processes that are to the sturgeon eggs, the famous Caviar. \r\nWhat we deliver is a Fresh and subtle flavor of the earth with a pinch \r\nof salt and a unique texture that is kind of addictive. ','\"Once you try it, you will only want to try more and more\" ','Owner','37.0281785','-7.8721259','2016-11-18 12:46:07','2016-12-08 10:41:40','caviarblanc'),(17,'kvalitet@drenovac.co.rs','DRENOVAC Ltd.','http://drenovac.co.rs','17.jpg','','+381 31 3899 272; +381 60 3899233',' Mirosaljci bb','Serbia','Arilje',' 31230','','','','https://www.youtube.com/channel/UCFZViS9pVM2WK_5mOMxA5Lw','DRENOVAC Ltd. is a family company which began business since 1992 in the village Mirosaljci (Arilje, Western Serbia). The company is engaged in purchasing, processing and selling of deep frozen and freeze dried (lyophilized) fruit, which are the most frequent raspberry, blackberry, plum, strawberry and other fruit species. After a few years the company expanded capacity by building a new facility and also increased the range of its services. The current total storage capacity is more than 1000t.\r\nSince 2012, a new fruit drying techonogy has been initiated-freeze drying (lyophilization). Fruits that are mosty freeze dried are the following: raspberries, strawberries, blackberries, blueberries, sour cherries, apricots, apples, aronia berries, and redcurrants. Recently, chocolate coating of freeze dried fruits using the finest high quality belgian chocolate, has been initiated. Using already mentioned procedures, the company reached the highest levels in the fields of production and processing and also it showed its strong willingness for innovations and further development.','Quality is the foundation for our food, healthy life and satisfaction.\r\n','Nemanja Bojičić','43.71341','20.1562213','2016-12-02 19:12:33','2016-12-02 19:12:33','drenovac'),(18,'balcanada@yahoo.com','Dekin Špajz D.O.O.','','18.png','','+381 65 609 6979 ','Ive Živanovića 18A','Serbia','Mali Požarevac','11235','','','','','Dekin Spajz D.O.O. is a company in Serbia making an organic vinegar from selected fruits of wild crab apples that still grows in rare deep forest hidden corners of Serbia, far away from pollution, pesticides and modern day agriculture. The benefits from pure nature: fine sediment reduces the desire for a new food intake and also helps the reduction of excess weight. Breaks down the excess of bad cholesterol, reduces triglycerides, a powerful diuretic, improves digestion and stabilizes the intestinal flora. Increases milk supply when breast-feeding and helps prevent breast infection and inflammation','It has no miracle healing power but the regular use of products from Dekin Spajz can prevent the development of many health problems','Željko Bandić','44.487829','20.505092','2016-12-02 19:50:10','2016-12-11 14:44:09','dekinspajz'),(19,'info@donas-odo.pt','Dona\'s Origens do Ocidente','http://www.donas-odo.pt/contactos/','19.png','','+351 916 040 193','Av. Infante Dom Henrique','Portugal','Lisbon','1950','','https://www.facebook.com/donasorigensdoocidente/?fref=ts','','','Every consumer has their memories. Memories of affection, where he was happy. Of the many Portuguese kitchens and their protagonists (mothers and grandmothers, aunts and cousins) are the \"Dona\'s\", who for generations have shared with their families and friends the secrets of an unforgettable palate.\r\nDona\'s concept recovers these memories and evokes a cultural ideal of what is most typical in Portugal.\r\nA little of every region of the country, you get to the highest quality products rigorously produced and tested, from natural products that Portuguese soil gives us.','Dona\'s is not just a brand. It\'s a concept! \r\n','Teresa Figueiras','38.749302','-9.1040525','2016-12-06 15:56:54','2016-12-06 16:09:27','donas-odo');
/*!40000 ALTER TABLE `company` ENABLE KEYS */;
UNLOCK TABLES;

--
-- Table structure for table `companyImages`
--

DROP TABLE IF EXISTS `companyImages`;
/*!40101 SET @saved_cs_client     = @@character_set_client */;
/*!40101 SET character_set_client = utf8 */;
CREATE TABLE `companyImages` (
  `id` int(10) unsigned NOT NULL AUTO_INCREMENT,
  `company_id` int(10) unsigned NOT NULL,
  `pic_url` varchar(255) COLLATE utf8_unicode_ci NOT NULL,
  `created_at` timestamp NULL DEFAULT NULL,
  `updated_at` timestamp NULL DEFAULT NULL,
  PRIMARY KEY (`id`),
  KEY `companyimages_company_id_foreign` (`company_id`),
  CONSTRAINT `companyimages_company_id_foreign` FOREIGN KEY (`company_id`) REFERENCES `company` (`id`)
) ENGINE=InnoDB DEFAULT CHARSET=utf8 COLLATE=utf8_unicode_ci;
/*!40101 SET character_set_client = @saved_cs_client */;

--
-- Dumping data for table `companyImages`
--

LOCK TABLES `companyImages` WRITE;
/*!40000 ALTER TABLE `companyImages` DISABLE KEYS */;
/*!40000 ALTER TABLE `companyImages` ENABLE KEYS */;
UNLOCK TABLES;

--
-- Table structure for table `counterBid`
--

DROP TABLE IF EXISTS `counterBid`;
/*!40101 SET @saved_cs_client     = @@character_set_client */;
/*!40101 SET character_set_client = utf8 */;
CREATE TABLE `counterBid` (
  `id` int(10) unsigned NOT NULL AUTO_INCREMENT,
  `bid_id` int(10) unsigned NOT NULL,
  `date` date NOT NULL,
  `time` time NOT NULL,
  `created_at` timestamp NULL DEFAULT NULL,
  `updated_at` timestamp NULL DEFAULT NULL,
  PRIMARY KEY (`id`),
  UNIQUE KEY `counterbid_date_unique` (`date`),
  KEY `counterbid_bid_id_foreign` (`bid_id`),
  CONSTRAINT `counterbid_bid_id_foreign` FOREIGN KEY (`bid_id`) REFERENCES `bid` (`id`)
) ENGINE=InnoDB DEFAULT CHARSET=utf8 COLLATE=utf8_unicode_ci;
/*!40101 SET character_set_client = @saved_cs_client */;

--
-- Dumping data for table `counterBid`
--

LOCK TABLES `counterBid` WRITE;
/*!40000 ALTER TABLE `counterBid` DISABLE KEYS */;
/*!40000 ALTER TABLE `counterBid` ENABLE KEYS */;
UNLOCK TABLES;

--
-- Table structure for table `deal`
--

DROP TABLE IF EXISTS `deal`;
/*!40101 SET @saved_cs_client     = @@character_set_client */;
/*!40101 SET character_set_client = utf8 */;
CREATE TABLE `deal` (
  `id` int(10) unsigned NOT NULL AUTO_INCREMENT,
  `bid_id` int(10) unsigned NOT NULL,
  `client_id` int(10) unsigned NOT NULL,
  `traveller_id` int(10) unsigned NOT NULL,
  `pay_id` int(10) unsigned NOT NULL,
  `status` varchar(255) COLLATE utf8_unicode_ci NOT NULL,
  `isBuy` tinyint(1) NOT NULL DEFAULT '0',
  `isReceived` tinyint(1) NOT NULL DEFAULT '0',
  `isDeliverd` tinyint(1) NOT NULL DEFAULT '0',
  `created_at` timestamp NULL DEFAULT NULL,
  `updated_at` timestamp NULL DEFAULT NULL,
  PRIMARY KEY (`id`),
  KEY `deal_bid_id_foreign` (`bid_id`),
  KEY `deal_client_id_foreign` (`client_id`),
  KEY `deal_traveller_id_foreign` (`traveller_id`),
  KEY `deal_pay_id_foreign` (`pay_id`),
  CONSTRAINT `deal_bid_id_foreign` FOREIGN KEY (`bid_id`) REFERENCES `bid` (`id`),
  CONSTRAINT `deal_client_id_foreign` FOREIGN KEY (`client_id`) REFERENCES `users` (`id`),
  CONSTRAINT `deal_pay_id_foreign` FOREIGN KEY (`pay_id`) REFERENCES `pay` (`id`),
  CONSTRAINT `deal_traveller_id_foreign` FOREIGN KEY (`traveller_id`) REFERENCES `users` (`id`)
) ENGINE=InnoDB AUTO_INCREMENT=29 DEFAULT CHARSET=utf8 COLLATE=utf8_unicode_ci;
/*!40101 SET character_set_client = @saved_cs_client */;

--
-- Dumping data for table `deal`
--

LOCK TABLES `deal` WRITE;
/*!40000 ALTER TABLE `deal` DISABLE KEYS */;
INSERT INTO `deal` VALUES (2,27,1,75,2,'Unfinished',1,1,0,'2016-06-10 12:13:55','2016-07-29 08:33:00'),(3,32,16,1,3,'Unfinished',0,0,0,'2016-06-14 08:26:54','2016-07-29 08:33:00'),(4,33,16,1,4,'Unfinished',0,0,0,'2016-06-14 08:33:33','2016-07-29 08:33:00'),(5,34,16,1,5,'Unfinished',0,0,0,'2016-06-14 08:38:05','2016-07-29 08:33:00'),(6,35,1,16,6,'Completed',1,1,1,'2016-06-14 17:17:59','2016-06-27 18:07:19'),(7,45,36,4,7,'Unfinished',0,0,0,'2016-06-25 15:28:15','2016-07-29 08:33:00'),(8,53,4,1,8,'Unfinished',1,0,0,'2016-07-18 08:08:38','2016-10-15 21:00:02'),(9,57,11,4,9,'Unfinished',1,0,0,'2016-07-19 05:55:46','2016-08-10 16:15:04'),(10,56,14,4,10,'Unfinished',0,0,0,'2016-07-20 10:10:37','2016-07-29 08:33:00'),(11,58,36,4,11,'Unfinished',0,0,0,'2016-07-21 04:04:07','2016-07-29 08:33:00'),(12,59,1,21,12,'Unfinished',0,0,0,'2016-07-21 07:06:49','2016-07-29 08:33:00'),(13,60,1,21,13,'Unfinished',0,0,0,'2016-07-21 07:08:57','2016-07-29 08:33:00'),(14,61,1,19,14,'Unfinished',0,0,0,'2016-07-21 08:45:37','2016-07-29 08:33:00'),(15,62,88,4,15,'Unfinished',0,0,0,'2016-07-25 06:49:46','2016-07-29 08:33:00'),(16,63,4,1,16,'Unfinished',0,0,0,'2016-07-25 09:14:41','2016-07-29 08:33:00'),(17,65,4,37,17,'Unfinished',1,0,0,'2016-08-28 13:53:52','2016-11-05 09:58:13'),(18,73,1,21,18,'Cancelled',0,0,0,'2016-09-09 10:43:58','2016-09-09 10:46:48'),(19,76,4,65,19,'Completed',1,1,1,'2016-10-16 08:33:15','2016-10-17 17:15:06'),(20,79,4,65,20,'Unfinished',0,0,0,'2016-10-17 11:48:14','2016-10-25 21:00:01'),(21,80,4,1,21,'Unfinished',0,0,0,'2016-10-17 17:41:54','2016-10-17 21:00:01'),(22,81,1,4,22,'Completed',1,1,1,'2016-10-17 17:45:39','2016-10-30 13:45:09'),(23,82,36,8,23,'Unfinished',0,0,0,'2016-10-18 19:32:01','2016-10-22 21:00:02'),(24,77,36,4,24,'Unfinished',1,0,1,'2016-10-18 19:36:50','2016-10-28 21:00:02'),(25,87,4,101,25,'Unfinished',0,0,0,'2016-11-09 21:26:33','2016-11-10 22:00:02'),(26,89,1,4,26,'Unfinished',0,0,0,'2016-11-19 14:48:00','2016-11-20 22:00:02'),(27,90,122,123,27,'Unfinished',1,0,1,'2016-11-19 20:37:17','2016-12-10 19:32:55'),(28,95,122,123,28,'Completed',1,1,1,'2016-12-07 14:24:45','2016-12-26 08:13:59');
/*!40000 ALTER TABLE `deal` ENABLE KEYS */;
UNLOCK TABLES;

--
-- Table structure for table `discount`
--

DROP TABLE IF EXISTS `discount`;
/*!40101 SET @saved_cs_client     = @@character_set_client */;
/*!40101 SET character_set_client = utf8 */;
CREATE TABLE `discount` (
  `id` int(10) unsigned NOT NULL AUTO_INCREMENT,
  `product_id` int(10) unsigned NOT NULL,
  `value` int(11) NOT NULL,
  `style` varchar(1) COLLATE utf8_unicode_ci NOT NULL,
  `created_at` timestamp NULL DEFAULT NULL,
  `updated_at` timestamp NULL DEFAULT NULL,
  PRIMARY KEY (`id`),
  KEY `discount_product_id_foreign` (`product_id`),
  CONSTRAINT `discount_product_id_foreign` FOREIGN KEY (`product_id`) REFERENCES `products` (`id`)
) ENGINE=InnoDB AUTO_INCREMENT=25 DEFAULT CHARSET=utf8 COLLATE=utf8_unicode_ci;
/*!40101 SET character_set_client = @saved_cs_client */;

--
-- Dumping data for table `discount`
--

LOCK TABLES `discount` WRITE;
/*!40000 ALTER TABLE `discount` DISABLE KEYS */;
INSERT INTO `discount` VALUES (8,11,25,'%','2016-07-15 19:56:07','2016-07-15 19:56:07'),(9,16,25,'%','2016-07-15 19:58:23','2016-07-15 19:58:23'),(10,15,25,'%','2016-07-15 20:01:40','2016-07-15 20:01:40'),(12,4,25,'%','2016-08-13 15:05:02','2016-08-13 15:05:02'),(13,2,25,'%','2016-08-13 15:05:20','2016-08-13 15:05:20'),(14,13,25,'%','2016-08-13 15:05:31','2016-08-13 15:05:31'),(15,8,25,'%','2016-08-13 15:05:44','2016-08-13 15:05:44'),(16,5,25,'%','2016-08-13 15:06:09','2016-08-13 15:06:09'),(17,14,25,'%','2016-08-13 15:06:28','2016-08-13 15:06:28'),(18,10,25,'%','2016-08-13 15:06:44','2016-08-13 15:06:44'),(19,3,25,'%','2016-08-13 15:06:56','2016-08-13 15:06:56'),(20,9,25,'%','2016-08-13 15:07:19','2016-08-13 15:07:19'),(21,6,25,'%','2016-08-13 15:07:29','2016-08-13 15:07:29'),(22,7,25,'%','2016-08-13 15:07:38','2016-08-13 15:07:38'),(23,59,20,'%','2016-11-04 13:39:34','2016-11-04 13:39:34'),(24,45,20,'%','2016-11-04 13:39:58','2016-11-04 13:39:58');
/*!40000 ALTER TABLE `discount` ENABLE KEYS */;
UNLOCK TABLES;

--
-- Table structure for table `ip_table`
--

DROP TABLE IF EXISTS `ip_table`;
/*!40101 SET @saved_cs_client     = @@character_set_client */;
/*!40101 SET character_set_client = utf8 */;
CREATE TABLE `ip_table` (
  `id` int(10) unsigned NOT NULL AUTO_INCREMENT,
  `product_id` int(10) unsigned NOT NULL,
  `ip_address` varchar(45) COLLATE utf8_unicode_ci NOT NULL,
  `created_at` timestamp NULL DEFAULT NULL,
  `updated_at` timestamp NULL DEFAULT NULL,
  PRIMARY KEY (`id`),
  KEY `ip_table_product_id_foreign` (`product_id`),
  CONSTRAINT `ip_table_product_id_foreign` FOREIGN KEY (`product_id`) REFERENCES `products` (`id`)
) ENGINE=InnoDB AUTO_INCREMENT=2918 DEFAULT CHARSET=utf8 COLLATE=utf8_unicode_ci;
/*!40101 SET character_set_client = @saved_cs_client */;

--
-- Dumping data for table `ip_table`
--

LOCK TABLES `ip_table` WRITE;
/*!40000 ALTER TABLE `ip_table` DISABLE KEYS */;
/*!40000 ALTER TABLE `ip_table` ENABLE KEYS */;
UNLOCK TABLES;

--
-- Table structure for table `messages`
--

DROP TABLE IF EXISTS `messages`;
/*!40101 SET @saved_cs_client     = @@character_set_client */;
/*!40101 SET character_set_client = utf8 */;
CREATE TABLE `messages` (
  `id` int(10) unsigned NOT NULL AUTO_INCREMENT,
  `deal_id` int(10) unsigned NOT NULL,
  `message` varchar(255) COLLATE utf8_unicode_ci NOT NULL,
  `isClientMsg` tinyint(1) NOT NULL,
  `created_at` timestamp NULL DEFAULT NULL,
  `updated_at` timestamp NULL DEFAULT NULL,
  PRIMARY KEY (`id`),
  KEY `messages_deal_id_foreign` (`deal_id`),
  CONSTRAINT `messages_deal_id_foreign` FOREIGN KEY (`deal_id`) REFERENCES `deal` (`id`)
) ENGINE=InnoDB AUTO_INCREMENT=240 DEFAULT CHARSET=utf8 COLLATE=utf8_unicode_ci;
/*!40101 SET character_set_client = @saved_cs_client */;

--
-- Dumping data for table `messages`
--

LOCK TABLES `messages` WRITE;
/*!40000 ALTER TABLE `messages` DISABLE KEYS */;
INSERT INTO `messages` VALUES (1,5,'hello',1,'0000-00-00 00:00:00','0000-00-00 00:00:00'),(2,5,'hello back',0,'0000-00-00 00:00:00','0000-00-00 00:00:00'),(3,5,'thanks',1,'0000-00-00 00:00:00','0000-00-00 00:00:00'),(4,4,'thanks',1,'0000-00-00 00:00:00','0000-00-00 00:00:00'),(5,5,'thank you very much',0,'2016-06-18 15:47:53','0000-00-00 00:00:00'),(6,5,'no problem',1,'2016-06-18 15:48:12','0000-00-00 00:00:00'),(7,5,'\"11\"',1,'2016-06-18 13:43:32','2016-06-18 13:43:32'),(8,5,'asd',1,'2016-06-18 13:48:47','2016-06-18 13:48:47'),(9,5,'zx',1,'2016-06-18 13:51:02','2016-06-18 13:51:02'),(10,5,'ccc',0,'2016-06-18 13:51:22','2016-06-18 13:51:22'),(11,5,'asd',1,'2016-06-18 13:53:16','2016-06-18 13:53:16'),(12,5,'1',1,'2016-06-18 13:53:32','2016-06-18 13:53:32'),(13,5,'2',1,'2016-06-18 13:53:41','2016-06-18 13:53:41'),(14,5,'3',1,'2016-06-18 13:53:43','2016-06-18 13:53:43'),(15,5,'hey',1,'2016-06-18 14:01:37','2016-06-18 14:01:37'),(16,5,'ti kaneis?',1,'2016-06-18 14:01:42','2016-06-18 14:01:42'),(17,5,'nomizw ekama to',1,'2016-06-18 14:01:54','2016-06-18 14:01:54'),(18,5,'evala na einai kai descending etsi wste na vlepeis ta teleutaia minima stin arxi',1,'2016-06-18 14:02:15','2016-06-18 14:02:15'),(19,5,'->orderBy(\'id\', \'DESC\');',1,'2016-06-18 14:02:26','2016-06-18 14:02:26'),(20,5,'->orderBy(\'id\', \'DESC\');->orderBy(\'id\', \'DESC\');->orderBy(\'id\', \'DESC\');->orderBy(\'id\', \'DESC\');->orderBy(\'id\', \'DESC\');->orderBy(\'id\', \'DESC\');->orderBy(\'id\', \'DESC\');->orderBy(\'id\', \'DESC\');->orderBy(\'id\', \'DESC\');->orderBy(\'id\', \'DESC\');->orderBy(\'id\',',1,'2016-06-18 14:02:30','2016-06-18 14:02:30'),(21,5,'theleis na patietai send me to enter? epeidi twra en to stelnei :p en kserw an en kalitera etsi i oxi',1,'2016-06-18 14:03:21','2016-06-18 14:03:21'),(22,6,'Hello',1,'2016-06-18 16:35:21','2016-06-18 16:35:21'),(23,6,'are you here?',1,'2016-06-19 05:03:42','2016-06-19 05:03:42'),(24,6,'yo?',1,'2016-06-19 05:03:53','2016-06-19 05:03:53'),(25,5,'hi',0,'2016-06-19 05:12:36','2016-06-19 05:12:36'),(26,5,'hi',0,'2016-06-19 05:15:41','2016-06-19 05:15:41'),(27,6,'hey',0,'2016-06-19 05:30:08','2016-06-19 05:30:08'),(28,5,'hellopoooo.. aman stilo gt en svinete tuto??',0,'2016-06-19 05:33:44','2016-06-19 05:33:44'),(29,5,'hellopoooo.. aman stilo gt en svinete tuto??',0,'2016-06-19 05:33:51','2016-06-19 05:33:51'),(30,5,'hellopoooo.. aman stilo gt en svinete tuto??',0,'2016-06-19 05:34:32','2016-06-19 05:34:32'),(31,5,'hellopoooo.. aman stilo gt en svinete tuto??',0,'2016-06-19 05:34:34','2016-06-19 05:34:34'),(32,6,'to time en lathos :/',1,'2016-06-19 05:49:36','2016-06-19 05:49:36'),(33,6,'kserw to :/',0,'2016-06-19 06:52:30','2016-06-19 06:52:30'),(34,5,'hi',0,'2016-06-19 07:05:30','2016-06-19 07:05:30'),(35,6,'test',0,'2016-06-19 07:06:57','2016-06-19 07:06:57'),(36,6,'hola',1,'2016-06-19 07:07:32','2016-06-19 07:07:32'),(37,5,'test',1,'2016-06-19 08:24:46','2016-06-19 08:24:46'),(38,6,'test',0,'2016-06-19 08:24:54','2016-06-19 08:24:54'),(39,6,'gagagrrg',0,'2016-06-19 08:25:04','2016-06-19 08:25:04'),(40,6,'test',0,'2016-06-19 08:25:43','2016-06-19 08:25:43'),(41,6,'hey',0,'2016-06-19 08:27:02','2016-06-19 08:27:02'),(42,5,'hey',1,'2016-06-19 08:27:12','2016-06-19 08:27:12'),(43,5,'hello',1,'2016-06-19 08:27:15','2016-06-19 08:27:15'),(44,6,'12333333333333333333333333333333333333333',0,'2016-06-19 08:27:24','2016-06-19 08:27:24'),(45,6,'asdasdads',0,'2016-06-19 08:50:15','2016-06-19 08:50:15'),(46,6,'asdasdads',0,'2016-06-19 08:50:15','2016-06-19 08:50:15'),(47,6,'asdasdads',0,'2016-06-19 08:50:15','2016-06-19 08:50:15'),(48,6,'asdasdads',0,'2016-06-19 08:50:16','2016-06-19 08:50:16'),(49,6,'asdasdads',0,'2016-06-19 08:50:16','2016-06-19 08:50:16'),(50,6,'asdasdads',0,'2016-06-19 08:50:16','2016-06-19 08:50:16'),(51,5,'1',1,'2016-06-19 08:50:59','2016-06-19 08:50:59'),(52,5,'1',1,'2016-06-19 08:50:59','2016-06-19 08:50:59'),(53,5,'2',1,'2016-06-19 08:51:05','2016-06-19 08:51:05'),(54,5,'2',1,'2016-06-19 08:51:05','2016-06-19 08:51:05'),(55,5,'2',1,'2016-06-19 08:51:05','2016-06-19 08:51:05'),(56,5,'2',1,'2016-06-19 08:51:06','2016-06-19 08:51:06'),(57,6,'',0,'2016-06-19 08:51:58','2016-06-19 08:51:58'),(58,6,'',0,'2016-06-19 08:51:59','2016-06-19 08:51:59'),(59,6,'',0,'2016-06-19 08:51:59','2016-06-19 08:51:59'),(60,6,'',0,'2016-06-19 08:51:59','2016-06-19 08:51:59'),(61,6,'',0,'2016-06-19 08:52:00','2016-06-19 08:52:00'),(62,6,'',0,'2016-06-19 08:52:00','2016-06-19 08:52:00'),(63,6,'',0,'2016-06-19 08:52:00','2016-06-19 08:52:00'),(64,6,'',0,'2016-06-19 08:52:00','2016-06-19 08:52:00'),(65,6,'',0,'2016-06-19 08:52:00','2016-06-19 08:52:00'),(66,6,'',0,'2016-06-19 08:52:00','2016-06-19 08:52:00'),(67,6,'',0,'2016-06-19 08:52:01','2016-06-19 08:52:01'),(68,6,'',0,'2016-06-19 08:52:01','2016-06-19 08:52:01'),(69,6,'',0,'2016-06-19 08:52:02','2016-06-19 08:52:02'),(70,6,'432234',0,'2016-06-19 08:52:05','2016-06-19 08:52:05'),(71,6,'432234',0,'2016-06-19 08:52:05','2016-06-19 08:52:05'),(72,6,'432234',0,'2016-06-19 08:52:05','2016-06-19 08:52:05'),(73,6,'432234',0,'2016-06-19 08:52:05','2016-06-19 08:52:05'),(74,5,'1',1,'2016-06-19 08:52:19','2016-06-19 08:52:19'),(75,5,'1',1,'2016-06-19 08:52:19','2016-06-19 08:52:19'),(76,5,'1',1,'2016-06-19 08:52:19','2016-06-19 08:52:19'),(77,5,'asd',1,'2016-06-19 08:53:30','2016-06-19 08:53:30'),(78,5,'asdasd',1,'2016-06-19 08:53:34','2016-06-19 08:53:34'),(79,5,'',1,'2016-06-19 08:53:37','2016-06-19 08:53:37'),(80,5,'',1,'2016-06-19 08:53:38','2016-06-19 08:53:38'),(81,5,'',1,'2016-06-19 08:53:39','2016-06-19 08:53:39'),(82,6,'dd',0,'2016-06-19 08:53:45','2016-06-19 08:53:45'),(83,6,'dd',0,'2016-06-19 08:53:45','2016-06-19 08:53:45'),(84,6,'dd',0,'2016-06-19 08:53:45','2016-06-19 08:53:45'),(85,6,'dd',0,'2016-06-19 08:53:45','2016-06-19 08:53:45'),(86,6,'dd',0,'2016-06-19 08:53:45','2016-06-19 08:53:45'),(87,6,'',0,'2016-06-19 08:53:48','2016-06-19 08:53:48'),(88,6,'',0,'2016-06-19 08:53:49','2016-06-19 08:53:49'),(89,6,'',0,'2016-06-19 08:53:51','2016-06-19 08:53:51'),(90,6,'w',0,'2016-06-19 08:53:54','2016-06-19 08:53:54'),(91,6,'',0,'2016-06-19 08:53:55','2016-06-19 08:53:55'),(92,6,'',0,'2016-06-19 08:53:56','2016-06-19 08:53:56'),(93,6,'',0,'2016-06-19 08:53:56','2016-06-19 08:53:56'),(94,6,'ee2',0,'2016-06-19 08:54:00','2016-06-19 08:54:00'),(95,6,'',0,'2016-06-19 08:54:01','2016-06-19 08:54:01'),(96,6,'12333',0,'2016-06-19 08:54:04','2016-06-19 08:54:04'),(97,6,'',0,'2016-06-19 08:54:05','2016-06-19 08:54:05'),(98,6,'4334',0,'2016-06-19 08:54:07','2016-06-19 08:54:07'),(99,5,'',1,'2016-06-19 08:56:16','2016-06-19 08:56:16'),(100,5,'',1,'2016-06-19 08:56:20','2016-06-19 08:56:20'),(101,5,'',1,'2016-06-19 08:56:30','2016-06-19 08:56:30'),(102,5,'asdasd',1,'2016-06-19 08:56:50','2016-06-19 08:56:50'),(103,5,'asddd',1,'2016-06-19 08:56:54','2016-06-19 08:56:54'),(104,5,'dddsad',1,'2016-06-19 08:56:59','2016-06-19 08:56:59'),(105,5,'',1,'2016-06-19 08:57:19','2016-06-19 08:57:19'),(106,5,'r',1,'2016-06-19 08:57:59','2016-06-19 08:57:59'),(107,5,'daaa',1,'2016-06-19 08:59:41','2016-06-19 08:59:41'),(108,6,'54',0,'2016-06-19 09:00:18','2016-06-19 09:00:18'),(109,5,'112',1,'2016-06-19 09:00:25','2016-06-19 09:00:25'),(110,6,' ',0,'2016-06-19 09:00:40','2016-06-19 09:00:40'),(111,5,'              d',1,'2016-06-19 09:02:50','2016-06-19 09:02:50'),(112,5,'         f                   ',1,'2016-06-19 09:02:58','2016-06-19 09:02:58'),(113,5,' f               f               f          ',1,'2016-06-19 09:03:09','2016-06-19 09:03:09'),(114,5,'dasdasd',1,'2016-06-19 09:03:14','2016-06-19 09:03:14'),(115,5,'dddd',1,'2016-06-19 09:03:19','2016-06-19 09:03:19'),(116,5,'dd',1,'2016-06-19 09:03:23','2016-06-19 09:03:23'),(117,5,'dd',1,'2016-06-19 09:03:25','2016-06-19 09:03:25'),(118,5,'1123',1,'2016-06-19 09:03:27','2016-06-19 09:03:27'),(119,6,'   ',0,'2016-06-19 09:03:31','2016-06-19 09:03:31'),(120,6,'a                                      d',0,'2016-06-19 09:04:13','2016-06-19 09:04:13'),(121,6,'                     d              d d d d ',0,'2016-06-19 09:04:19','2016-06-19 09:04:19'),(122,6,'\\n',0,'2016-06-19 09:04:35','2016-06-19 09:04:35'),(123,5,'hello',0,'2016-06-19 09:52:39','2016-06-19 09:52:39'),(124,6,'alooo',1,'2016-06-19 09:53:18','2016-06-19 09:53:18'),(125,5,'asdasdasdasddasds',1,'2016-06-19 09:59:23','2016-06-19 09:59:23'),(126,6,'hey',0,'2016-06-19 09:59:34','2016-06-19 09:59:34'),(127,5,'hey',0,'2016-06-19 10:01:40','2016-06-19 10:01:40'),(128,6,'asdasd',1,'2016-06-19 10:02:49','2016-06-19 10:02:49'),(129,5,'asdasdsad',0,'2016-06-19 10:02:59','2016-06-19 10:02:59'),(130,6,'asddsaadwads',1,'2016-06-19 10:04:01','2016-06-19 10:04:01'),(131,6,'hey',0,'2016-06-19 10:05:17','2016-06-19 10:05:17'),(132,6,'asd',0,'2016-06-19 10:05:23','2016-06-19 10:05:23'),(133,5,'sadasdas',0,'2016-06-19 10:08:14','2016-06-19 10:08:14'),(134,5,'asdassad',0,'2016-06-19 10:08:17','2016-06-19 10:08:17'),(135,5,'awdawd',0,'2016-06-19 10:08:19','2016-06-19 10:08:19'),(136,5,'asdfsda',0,'2016-06-19 10:10:13','2016-06-19 10:10:13'),(137,6,'hey',0,'2016-06-19 10:13:53','2016-06-19 10:13:53'),(138,6,'ti kaneis?',0,'2016-06-19 10:13:58','2016-06-19 10:13:58'),(139,5,'ola kala?',1,'2016-06-19 10:14:06','2016-06-19 10:14:06'),(140,5,'s',1,'2016-06-19 10:14:17','2016-06-19 10:14:17'),(141,5,'sdsd',1,'2016-06-19 10:14:33','2016-06-19 10:14:33'),(142,5,'asdfadsfef',0,'2016-06-19 10:15:03','2016-06-19 10:15:03'),(143,5,'sdfdfs',0,'2016-06-19 10:15:07','2016-06-19 10:15:07'),(144,5,'de',1,'2016-06-19 10:15:08','2016-06-19 10:15:08'),(145,5,'de',1,'2016-06-19 10:15:11','2016-06-19 10:15:11'),(146,5,'sdfsdf',0,'2016-06-19 10:15:16','2016-06-19 10:15:16'),(147,6,'jeje',0,'2016-06-19 10:15:19','2016-06-19 10:15:19'),(148,5,'asdasddwdw',0,'2016-06-19 10:15:21','2016-06-19 10:15:21'),(149,5,'qwhihosa',0,'2016-06-19 10:15:26','2016-06-19 10:15:26'),(150,5,'alooo',0,'2016-06-19 10:19:23','2016-06-19 10:19:23'),(151,5,'greaty',0,'2016-06-19 10:19:33','2016-06-19 10:19:33'),(152,5,'test',1,'2016-06-19 10:19:35','2016-06-19 10:19:35'),(153,5,'oeo',0,'2016-06-19 10:19:42','2016-06-19 10:19:42'),(154,5,'sdsffsd',0,'2016-06-19 10:20:15','2016-06-19 10:20:15'),(155,5,'asdsadsda',0,'2016-06-19 10:20:39','2016-06-19 10:20:39'),(156,5,'asdasdads',0,'2016-06-19 10:25:04','2016-06-19 10:25:04'),(157,5,'sadsadjasd',0,'2016-06-19 11:04:08','2016-06-19 11:04:08'),(158,5,'asasds',0,'2016-06-19 11:04:11','2016-06-19 11:04:11'),(159,5,'uasihsaidhisdahihsdaihisdakladslkkkkkkkkkkkkkkkkkkkkkkkkkkkkkkkkkkkkkkkuasihsaidhisdahihsdaihisdakladslkkkkkkkkkkkkkkkkkkkkkkkkkkkkkkkkkkkkkkkuasihsaidhisdahihsdaihisdakladslkkkkkkkkkkkkkkkkkkkkkkkkkkkkkkkkkkkkkkkuasihsaidhisdahihsdaihisdakladslkkkkkkkkkk',0,'2016-06-19 11:04:23','2016-06-19 11:04:23'),(160,5,'hello',1,'2016-06-19 16:09:09','2016-06-19 16:09:09'),(161,6,'Nice',1,'2016-06-20 05:17:45','2016-06-20 05:17:45'),(162,5,'dsad',0,'2016-06-21 08:21:55','2016-06-21 08:21:55'),(163,5,'asdasd',0,'2016-06-21 08:22:04','2016-06-21 08:22:04'),(164,6,'asdasd',1,'2016-06-21 17:16:10','2016-06-21 17:16:10'),(165,6,'asd',1,'2016-06-21 17:17:02','2016-06-21 17:17:02'),(166,6,'e',1,'2016-06-21 17:17:59','2016-06-21 17:17:59'),(167,5,'dsa',0,'2016-06-21 17:20:11','2016-06-21 17:20:11'),(168,5,'d',0,'2016-06-21 17:20:16','2016-06-21 17:20:16'),(169,5,'q',0,'2016-06-21 17:20:24','2016-06-21 17:20:24'),(170,5,'wqe',0,'2016-06-21 17:22:08','2016-06-21 17:22:08'),(171,5,'asd',0,'2016-06-21 17:23:20','2016-06-21 17:23:20'),(172,5,'q',0,'2016-06-21 17:23:55','2016-06-21 17:23:55'),(173,6,'d',1,'2016-06-21 17:24:03','2016-06-21 17:24:03'),(174,6,'hi',1,'2016-06-21 17:33:32','2016-06-21 17:33:32'),(175,6,'are you hear meee??',1,'2016-06-21 17:34:01','2016-06-21 17:34:01'),(176,6,'hello',0,'2016-06-21 17:36:29','2016-06-21 17:36:29'),(177,6,'how are you?',1,'2016-06-21 17:39:05','2016-06-21 17:39:05'),(178,6,'i\'m fine, you?',0,'2016-06-21 17:40:26','2016-06-21 17:40:26'),(179,5,'koukou',1,'2016-06-23 07:14:30','2016-06-23 07:14:30'),(180,5,'hahahaha',0,'2016-06-23 07:18:49','2016-06-23 07:18:49'),(181,5,'fefefe',1,'2016-06-23 16:52:30','2016-06-23 16:52:30'),(182,3,'hola',0,'2016-06-27 04:55:40','2016-06-27 04:55:40'),(183,4,'hi',0,'2016-06-27 06:59:13','2016-06-27 06:59:13'),(184,4,'hello',1,'2016-06-27 12:41:44','2016-06-27 12:41:44'),(185,6,'ise dame?',1,'2016-06-27 15:57:06','2016-06-27 15:57:06'),(186,6,'na dokimasume ula ta stadia',1,'2016-06-27 15:57:16','2016-06-27 15:57:16'),(187,6,'ena kamo true to pay, na to gorasis esi. j meta na patisume ta alla 2',1,'2016-06-27 15:57:42','2016-06-27 15:57:42'),(188,6,'paradosi- paralavi',1,'2016-06-27 15:57:55','2016-06-27 15:57:55'),(189,6,'gia na valoume ta steps?',0,'2016-06-27 16:42:48','2016-06-27 16:42:48'),(190,6,'i gia kati allo?',0,'2016-06-27 16:42:53','2016-06-27 16:42:53'),(191,6,'taxa oti dulefki os to telos',1,'2016-06-27 16:49:35','2016-06-27 16:49:35'),(192,6,'pame na doume',0,'2016-06-27 17:06:52','2016-06-27 17:06:52'),(193,6,'ok eplirosa',1,'2016-06-27 17:21:01','2016-06-27 17:21:01'),(194,2,'hello',1,'2016-07-03 11:27:20','2016-07-03 11:27:20'),(195,7,'Hello Andreas, how are you?',0,'2016-07-07 15:24:41','2016-07-07 15:24:41'),(196,8,'hello my friend?? how are you?? i can bring you this stuff in November! before Portugal! what do you think? im fine! Great! See youuuuuu',0,'2016-07-18 08:52:27','2016-07-18 08:52:27'),(197,10,'Thank you very much for your bid! Really helpful :)',1,'2016-07-20 10:14:55','2016-07-20 10:14:55'),(198,10,'You are so kind!',0,'2016-07-20 10:25:00','2016-07-20 10:25:00'),(199,9,'See you in a bit!',0,'2016-07-20 18:30:54','2016-07-20 18:30:54'),(200,9,'See you in a bit!',0,'2016-07-20 18:30:59','2016-07-20 18:30:59'),(201,9,'I cant wait',1,'2016-07-21 05:15:52','2016-07-21 05:15:52'),(202,8,'re file eje pistefko na thelis na su to fero? :P',0,'2016-07-21 05:59:22','2016-07-21 05:59:22'),(203,9,'sorry that I had to re-schedule - see you tomorrow!',0,'2016-07-21 14:26:52','2016-07-21 14:26:52'),(204,8,'ti enois, vevea na mou ta feris haha',1,'2016-07-21 14:27:20','2016-07-21 14:27:20'),(205,8,'kali idea na dokimasume ti periptosi pu to akironi o traveller. Good Job !',0,'2016-07-22 07:11:29','2016-07-22 07:11:29'),(206,8,'Haha',1,'2016-07-22 10:12:53','2016-07-22 10:12:53'),(207,9,'Costas, when do you want to meet?',0,'2016-07-22 10:13:47','2016-07-22 10:13:47'),(208,10,'Hello, when do you want to meet?',0,'2016-07-22 10:14:32','2016-07-22 10:14:32'),(209,10,'Hello, do you still want this?',0,'2016-08-07 09:26:59','2016-08-07 09:26:59'),(210,8,'Ne re psefti apateona den to gorases haha',1,'2016-08-08 08:51:45','2016-08-08 08:51:45'),(211,8,'ena se kamo report na se kamun ban pu to site!!! gia prosvoli pros to atomo mu',0,'2016-08-08 09:22:28','2016-08-08 09:22:28'),(212,8,'REPOOOOORT!',0,'2016-08-08 09:31:19','2016-08-08 09:31:19'),(213,8,'lalalalallalla',0,'2016-08-08 09:32:39','2016-08-08 09:32:39'),(214,8,'Kamo test ta emails giafto spamaro! men me kamis report. pleeeeease',0,'2016-08-08 09:35:11','2016-08-08 09:35:11'),(215,8,'hellooooo, twra en exis dikeologia na men mu apantas! pianis email. giafto apanta mu prin se kamo report j kamun se ban j xasis ta lefta su!!! me agapi traveller.',0,'2016-08-08 09:39:15','2016-08-08 09:39:15'),(216,8,'hellooooo, twra en exis dikeologia na men mu apantas! pianis email. giafto apanta mu prin se kamo report j kamun se ban j xasis ta lefta su!!! me agapi traveller.',0,'2016-08-08 09:41:19','2016-08-08 09:41:19'),(217,8,'test',0,'2016-08-08 09:44:51','2016-08-08 09:44:51'),(218,8,'hellooooo, twra en exis dikeologia na men mu apantas! pianis email. giafto apanta mu prin se kamo report j kamun se ban j xasis ta lefta su!!! me agapi traveller.',0,'2016-08-08 09:45:32','2016-08-08 09:45:32'),(219,8,'test',0,'2016-08-08 10:00:06','2016-08-08 10:00:06'),(220,10,'Hey, do you still want this?',0,'2016-08-08 11:51:15','2016-08-08 11:51:15'),(221,13,'asdadasdasadsads',1,'2016-08-08 17:19:53','2016-08-08 17:19:53'),(222,13,'qweqweqq',1,'2016-08-08 17:19:59','2016-08-08 17:19:59'),(223,9,'Costas please pick it up from Dikeosinis 031A, Limassol 3051',0,'2016-08-10 16:15:41','2016-08-10 16:15:41'),(224,9,'Costas?',0,'2016-08-28 13:37:20','2016-08-28 13:37:20'),(225,17,'Hello, thank you for your bid',1,'2016-08-28 13:54:20','2016-08-28 13:54:20'),(226,17,'You are welcome!',0,'2016-08-28 13:58:13','2016-08-28 13:58:13'),(227,19,'Hey are you sure you can bring this?',1,'2016-10-16 08:34:14','2016-10-16 08:34:14'),(228,24,'Please pay for the product so I can buy it before I leave. What are you waiting for?',0,'2016-10-19 03:32:32','2016-10-19 03:32:32'),(229,24,'Andreas you do not know how to use Paypal!',0,'2016-10-19 05:47:49','2016-10-19 05:47:49'),(230,24,'hahaha',1,'2016-10-20 18:44:48','2016-10-20 18:44:48'),(231,23,'thanks for bringing my product',1,'2016-10-20 18:49:19','2016-10-20 18:49:19'),(232,24,'Maimouna confirm that you received the products',0,'2016-10-23 10:00:56','2016-10-23 10:00:56'),(233,25,'Hey thanks for the bid!',1,'2016-11-09 21:27:35','2016-11-09 21:27:35'),(234,27,'Hello Martina, thank you for accepting my bid offer. I will be sending the products early tomorrow morning and they should be with you in 5-7 days. Please let me know if you need anything else. Kind regards, Eleni, Monagri Grape Farm',0,'2016-11-21 07:09:52','2016-11-21 07:09:52'),(235,28,'Hello Martina! Thank you for confirming your order, we will have fresh produce on Monday so I will ship those to you along a small surprise. Thank you again for your preference, if you have any questions please do not hesitate to contact us.',0,'2016-12-09 15:29:32','2016-12-09 15:29:32'),(236,28,'Hello Martina, did you receive the package? Was everything okay? Thank you',0,'2016-12-26 07:26:39','2016-12-26 07:26:39'),(237,28,'Hello. I habe got the package. It is perfekt, as usual. I love your products and will soon order certaubly again. I wish you a happy new your. Martina',1,'2016-12-26 08:19:52','2016-12-26 08:19:52'),(238,28,'Great! We are so happy you like them, next time I will add again something new for you to try! Happy New Year too, full of happiness and health! Thank you, Eleni',0,'2016-12-26 20:43:10','2016-12-26 20:43:10'),(239,2,'hasidhioshsad',1,'2016-12-29 09:34:14','2016-12-29 09:34:14');
/*!40000 ALTER TABLE `messages` ENABLE KEYS */;
UNLOCK TABLES;

--
-- Table structure for table `migrations`
--

DROP TABLE IF EXISTS `migrations`;
/*!40101 SET @saved_cs_client     = @@character_set_client */;
/*!40101 SET character_set_client = utf8 */;
CREATE TABLE `migrations` (
  `migration` varchar(255) COLLATE utf8_unicode_ci NOT NULL,
  `batch` int(11) NOT NULL
) ENGINE=InnoDB DEFAULT CHARSET=utf8 COLLATE=utf8_unicode_ci;
/*!40101 SET character_set_client = @saved_cs_client */;

--
-- Dumping data for table `migrations`
--

LOCK TABLES `migrations` WRITE;
/*!40000 ALTER TABLE `migrations` DISABLE KEYS */;
INSERT INTO `migrations` VALUES ('2014_10_12_100000_create_password_resets_table',1),('2015_12_15_232100_create_users_table',1),('2015_12_17_014427_create_addresses_table',1),('2015_12_18_014519_create_subscribers_table',1),('2015_12_21_095508_create_auctions_table',1),('2015_12_25_001304_update_auctions_table',1),('2015_12_28_015246_add_location_auctions_table',1),('2016_03_31_130015_create_report_user',4),('2016_03_31_161548_create_report_user_other',4),('2016_04_03_103434_create_trip',5),('2016_04_11_084057_create_companies',10),('2016_04_11_084938_create_products',10),('2016_04_15_201827_create_ip_table',10),('2016_04_23_085515_create_company_images',10),('2016_04_23_132342_create_product_images',10),('2016_05_04_183017_create_notifications_table',11),('2016_04_20_204103_create_newsletter',12),('2016_05_22_073651_create_stores_table',14),('2016_05_22_075406_create_product_stores_table',14),('2016_05_17_132729_create_request_table',15),('2016_05_17_133148_create_request_places_table',15),('2016_05_29_100315_create_bid_table',15),('2016_06_01_113522_create_pay_table',16),('2016_06_03_113616_create_deal_table',16),('2016_04_19_202200_create_messages',17),('2015_12_05_222000_create_verification_tokens_table',18),('2016_06_02_113610_create_payment_table',19),('2016_06_30_134346_create_payout_method_table',20),('2016_07_06_141139_create_discount_table',21),('2016_07_27_124122_add_nickname_to_company',22),('2016_08_31_110137_create_suggest_company_table',24),('2016_08_30_101722_create_suggest_product_table',25),('2016_09_02_115038_create_reject_bid_table',26),('2016_10_21_200925_create_counter_bid_table',27),('2016_10_21_205550_add_bag_to_products',27);
/*!40000 ALTER TABLE `migrations` ENABLE KEYS */;
UNLOCK TABLES;

--
-- Table structure for table `newsletter`
--

DROP TABLE IF EXISTS `newsletter`;
/*!40101 SET @saved_cs_client     = @@character_set_client */;
/*!40101 SET character_set_client = utf8 */;
CREATE TABLE `newsletter` (
  `id` int(10) unsigned NOT NULL AUTO_INCREMENT,
  `user_id` int(10) unsigned NOT NULL,
  `created_at` timestamp NULL DEFAULT NULL,
  `updated_at` timestamp NULL DEFAULT NULL,
  PRIMARY KEY (`id`),
  KEY `newsletter_user_id_foreign` (`user_id`),
  CONSTRAINT `newsletter_user_id_foreign` FOREIGN KEY (`user_id`) REFERENCES `users` (`id`)
) ENGINE=InnoDB AUTO_INCREMENT=134 DEFAULT CHARSET=utf8 COLLATE=utf8_unicode_ci;
/*!40101 SET character_set_client = @saved_cs_client */;

--
-- Dumping data for table `newsletter`
--

LOCK TABLES `newsletter` WRITE;
/*!40000 ALTER TABLE `newsletter` DISABLE KEYS */;
INSERT INTO `newsletter` VALUES (1,1,'2016-05-09 16:49:47','2016-05-09 16:49:47'),(2,2,'2016-05-09 16:49:47','2016-05-09 16:49:47'),(3,3,'2016-05-09 16:49:47','2016-05-09 16:49:47'),(4,4,'2016-05-09 16:49:47','2016-05-09 16:49:47'),(5,5,'2016-05-09 16:49:47','2016-05-09 16:49:47'),(6,6,'2016-05-09 16:49:47','2016-05-09 16:49:47'),(7,7,'2016-05-09 16:49:47','2016-05-09 16:49:47'),(8,8,'2016-05-09 16:49:47','2016-05-09 16:49:47'),(9,9,'2016-05-09 16:49:47','2016-05-09 16:49:47'),(10,10,'2016-05-09 16:49:47','2016-05-09 16:49:47'),(11,11,'2016-05-09 16:49:47','2016-05-09 16:49:47'),(12,12,'2016-05-09 16:49:47','2016-05-09 16:49:47'),(13,13,'2016-05-09 16:49:47','2016-05-09 16:49:47'),(14,14,'2016-05-09 16:49:47','2016-05-09 16:49:47'),(15,15,'2016-05-09 16:49:47','2016-05-09 16:49:47'),(16,16,'2016-05-09 16:49:47','2016-05-09 16:49:47'),(17,17,'2016-05-09 16:49:47','2016-05-09 16:49:47'),(18,18,'2016-05-09 16:49:47','2016-05-09 16:49:47'),(19,19,'2016-05-09 16:49:47','2016-05-09 16:49:47'),(20,20,'2016-05-09 16:49:47','2016-05-09 16:49:47'),(21,21,'2016-05-09 16:49:47','2016-05-09 16:49:47'),(22,22,'2016-05-09 16:49:47','2016-05-09 16:49:47'),(23,23,'2016-05-09 16:49:47','2016-05-09 16:49:47'),(24,24,'2016-05-09 16:49:47','2016-05-09 16:49:47'),(25,25,'2016-05-09 16:49:47','2016-05-09 16:49:47'),(26,26,'2016-05-09 16:49:47','2016-05-09 16:49:47'),(27,27,'2016-05-09 16:49:47','2016-05-09 16:49:47'),(28,28,'2016-05-09 16:49:47','2016-05-09 16:49:47'),(29,29,'2016-05-09 16:49:47','2016-05-09 16:49:47'),(30,30,'2016-05-09 16:49:47','2016-05-09 16:49:47'),(31,31,'2016-05-09 16:49:47','2016-05-09 16:49:47'),(32,32,'2016-05-09 16:49:47','2016-05-09 16:49:47'),(33,33,'2016-05-09 16:49:47','2016-05-09 16:49:47'),(34,34,'2016-05-09 16:49:47','2016-05-09 16:49:47'),(35,35,'2016-05-09 16:49:47','2016-05-09 16:49:47'),(36,36,'2016-05-09 16:49:47','2016-05-09 16:49:47'),(37,37,'2016-05-09 16:49:47','2016-05-09 16:49:47'),(38,38,'2016-05-09 16:49:47','2016-05-09 16:49:47'),(39,39,'2016-05-09 16:49:47','2016-05-09 16:49:47'),(40,40,'2016-05-09 16:49:47','2016-05-09 16:49:47'),(41,41,'2016-05-09 16:49:47','2016-05-09 16:49:47'),(42,42,'2016-05-09 16:49:47','2016-05-09 16:49:47'),(43,43,'2016-05-09 16:49:47','2016-05-09 16:49:47'),(44,44,'2016-05-09 16:49:47','2016-05-09 16:49:47'),(45,45,'2016-05-09 16:49:47','2016-05-09 16:49:47'),(46,46,'2016-05-09 16:49:47','2016-05-09 16:49:47'),(47,47,'2016-05-09 16:49:47','2016-05-09 16:49:47'),(48,48,'2016-05-09 16:49:47','2016-05-09 16:49:47'),(49,49,'2016-05-09 16:49:47','2016-05-09 16:49:47'),(50,50,'2016-05-09 16:49:47','2016-05-09 16:49:47'),(51,51,'2016-05-09 16:49:47','2016-05-09 16:49:47'),(52,52,'2016-05-09 16:49:47','2016-05-09 16:49:47'),(53,53,'2016-05-09 16:49:47','2016-05-09 16:49:47'),(54,54,'2016-05-09 16:49:47','2016-05-09 16:49:47'),(55,55,'2016-05-09 16:49:47','2016-05-09 16:49:47'),(56,56,'2016-05-09 16:49:47','2016-05-09 16:49:47'),(57,58,'2016-05-19 15:21:08','2016-05-19 15:21:08'),(58,59,'2016-05-20 00:48:09','2016-05-20 00:48:09'),(59,60,'2016-05-20 03:02:31','2016-05-20 03:02:31'),(60,57,NULL,NULL),(61,61,'2016-05-20 08:44:55','2016-05-20 08:44:55'),(62,62,'2016-05-23 05:44:23','2016-05-23 05:44:23'),(63,63,'2016-05-28 10:42:06','2016-05-28 10:42:06'),(64,64,'2016-05-29 16:40:33','2016-05-29 16:40:33'),(65,65,'2016-06-09 10:58:48','2016-06-09 10:58:48'),(66,66,'2016-06-09 17:34:28','2016-06-09 17:34:28'),(67,67,'2016-06-09 17:35:22','2016-06-09 17:35:22'),(68,68,'2016-06-09 18:02:09','2016-06-09 18:02:09'),(69,69,'2016-06-09 18:20:05','2016-06-09 18:20:05'),(70,70,'2016-06-09 18:27:27','2016-06-09 18:27:27'),(71,71,'2016-06-09 19:07:44','2016-06-09 19:07:44'),(72,72,'2016-06-09 19:18:38','2016-06-09 19:18:38'),(73,73,'2016-06-10 04:32:20','2016-06-10 04:32:20'),(74,74,'2016-06-10 06:00:41','2016-06-10 06:00:41'),(75,75,'2016-06-10 06:34:41','2016-06-10 06:34:41'),(76,76,'2016-06-10 09:06:53','2016-06-10 09:06:53'),(77,77,'2016-06-10 12:04:39','2016-06-10 12:04:39'),(78,78,'2016-06-14 12:36:00','2016-06-14 12:36:00'),(79,79,'2016-06-14 13:02:50','2016-06-14 13:02:50'),(80,80,'2016-06-14 16:29:11','2016-06-14 16:29:11'),(81,81,'2016-06-15 07:39:08','2016-06-15 07:39:08'),(82,82,'2016-06-17 06:54:43','2016-06-17 06:54:43'),(83,83,'2016-06-17 07:13:41','2016-06-17 07:13:41'),(84,84,'2016-06-17 10:53:05','2016-06-17 10:53:05'),(85,85,'2016-06-25 10:09:11','2016-06-25 10:09:11'),(86,86,'2016-07-07 05:07:53','2016-07-07 05:07:53'),(87,87,'2016-07-12 10:08:59','2016-07-12 10:08:59'),(88,88,'2016-07-25 06:06:15','2016-07-25 06:06:15'),(89,89,'2016-08-04 15:06:41','2016-08-04 15:06:41'),(91,91,'2016-08-08 15:21:34','2016-08-08 15:21:34'),(92,92,'2016-08-31 18:19:14','2016-08-31 18:19:14'),(93,93,'2016-09-04 09:16:38','2016-09-04 09:16:38'),(94,94,'2016-09-16 08:01:00','2016-09-16 08:01:00'),(95,95,'2016-09-30 07:46:47','2016-09-30 07:46:47'),(96,96,'2016-10-05 12:26:36','2016-10-05 12:26:36'),(97,97,'2016-10-05 15:54:48','2016-10-05 15:54:48'),(98,98,'2016-10-06 16:15:16','2016-10-06 16:15:16'),(99,99,'2016-10-14 08:27:29','2016-10-14 08:27:29'),(100,100,'2016-10-20 09:24:37','2016-10-20 09:24:37'),(101,101,'2016-10-26 08:34:40','2016-10-26 08:34:40'),(102,102,'2016-10-28 13:34:14','2016-10-28 13:34:14'),(103,103,'2016-11-01 10:24:44','2016-11-01 10:24:44'),(104,104,'2016-11-04 13:29:53','2016-11-04 13:29:53'),(105,105,'2016-11-04 20:26:16','2016-11-04 20:26:16'),(106,106,'2016-11-05 13:58:30','2016-11-05 13:58:30'),(107,107,'2016-11-05 16:02:37','2016-11-05 16:02:37'),(108,108,'2016-11-05 17:00:51','2016-11-05 17:00:51'),(109,109,'2016-11-05 19:50:37','2016-11-05 19:50:37'),(110,110,'2016-11-06 17:08:49','2016-11-06 17:08:49'),(111,111,'2016-11-07 05:18:17','2016-11-07 05:18:17'),(112,112,'2016-11-07 09:35:57','2016-11-07 09:35:57'),(113,113,'2016-11-07 13:20:22','2016-11-07 13:20:22'),(114,114,'2016-11-08 16:04:37','2016-11-08 16:04:37'),(115,115,'2016-11-14 06:25:13','2016-11-14 06:25:13'),(116,116,'2016-11-14 07:57:53','2016-11-14 07:57:53'),(117,117,'2016-11-17 08:51:28','2016-11-17 08:51:28'),(118,118,'2016-11-18 08:54:28','2016-11-18 08:54:28'),(119,119,'2016-11-18 10:48:07','2016-11-18 10:48:07'),(120,120,'2016-11-18 11:54:03','2016-11-18 11:54:03'),(121,121,'2016-11-18 11:54:57','2016-11-18 11:54:57'),(122,122,'2016-11-18 22:26:35','2016-11-18 22:26:35'),(123,123,'2016-11-19 15:34:46','2016-11-19 15:34:46'),(124,124,'2016-11-24 11:18:31','2016-11-24 11:18:31'),(125,125,'2016-11-24 13:17:29','2016-11-24 13:17:29'),(126,126,'2016-11-25 09:13:48','2016-11-25 09:13:48'),(127,127,'2016-11-28 15:58:58','2016-11-28 15:58:58'),(128,128,'2016-11-28 15:59:56','2016-11-28 15:59:56'),(129,129,'2016-12-01 16:27:06','2016-12-01 16:27:06'),(130,130,'2016-12-08 13:57:00','2016-12-08 13:57:00'),(131,131,'2016-12-08 15:30:02','2016-12-08 15:30:02'),(132,132,'2016-12-12 06:59:35','2016-12-12 06:59:35'),(133,133,'2017-01-02 12:47:07','2017-01-02 12:47:07');
/*!40000 ALTER TABLE `newsletter` ENABLE KEYS */;
UNLOCK TABLES;

--
-- Table structure for table `notifications`
--

DROP TABLE IF EXISTS `notifications`;
/*!40101 SET @saved_cs_client     = @@character_set_client */;
/*!40101 SET character_set_client = utf8 */;
CREATE TABLE `notifications` (
  `id` int(10) unsigned NOT NULL AUTO_INCREMENT,
  `user_id` int(10) unsigned NOT NULL,
  `status` tinyint(1) NOT NULL DEFAULT '0',
  `msg` varchar(255) COLLATE utf8_unicode_ci NOT NULL,
  `link` varchar(255) COLLATE utf8_unicode_ci NOT NULL,
  `category` varchar(255) COLLATE utf8_unicode_ci NOT NULL DEFAULT 'antebox',
  `created_at` timestamp NULL DEFAULT NULL,
  `updated_at` timestamp NULL DEFAULT NULL,
  PRIMARY KEY (`id`),
  KEY `notifications_user_id_foreign` (`user_id`),
  CONSTRAINT `notifications_user_id_foreign` FOREIGN KEY (`user_id`) REFERENCES `users` (`id`)
) ENGINE=InnoDB AUTO_INCREMENT=510 DEFAULT CHARSET=utf8 COLLATE=utf8_unicode_ci;
/*!40101 SET character_set_client = @saved_cs_client */;

--
-- Dumping data for table `notifications`
--

LOCK TABLES `notifications` WRITE;
/*!40000 ALTER TABLE `notifications` DISABLE KEYS */;
INSERT INTO `notifications` VALUES (172,9,0,'Verify your email','/profile','warning','2016-06-23 06:42:27','2016-06-23 06:42:27'),(173,13,0,'Verify your email','/profile','warning','2016-06-23 06:42:27','2016-06-23 06:42:27'),(176,32,0,'Verify your email','/profile','warning','2016-06-23 06:42:27','2016-06-23 06:42:27'),(177,33,0,'Verify your email','/profile','warning','2016-06-23 06:42:27','2016-06-23 06:42:27'),(179,44,0,'Verify your email','/profile','warning','2016-06-23 06:42:27','2016-06-23 06:42:27'),(180,47,0,'Verify your email','/profile','warning','2016-06-23 06:42:27','2016-06-23 06:42:27'),(181,48,0,'Verify your email','/profile','warning','2016-06-23 06:42:27','2016-06-23 06:42:27'),(182,53,0,'Verify your email','/profile','warning','2016-06-23 06:42:27','2016-06-23 06:42:27'),(183,54,0,'Verify your email','/profile','warning','2016-06-23 06:42:27','2016-06-23 06:42:27'),(184,55,0,'Verify your email','/profile','warning','2016-06-23 06:42:27','2016-06-23 06:42:27'),(185,57,0,'Verify your email','/profile','warning','2016-06-23 06:42:27','2016-06-23 06:42:27'),(186,62,0,'Verify your email','/profile','warning','2016-06-23 06:42:27','2016-06-23 06:42:27'),(187,64,0,'Verify your email','/profile','warning','2016-06-23 06:42:27','2016-06-23 06:42:27'),(188,74,0,'Verify your email','/profile','warning','2016-06-23 06:42:27','2016-06-23 06:42:27'),(189,75,0,'Verify your email','/profile','warning','2016-06-23 06:42:27','2016-06-23 06:42:27'),(190,83,0,'Verify your email','/profile','warning','2016-06-23 06:42:27','2016-06-23 06:42:27'),(243,5,0,'We are updating our Terms and Conditions','/terms','terms','2016-07-01 04:50:51','2016-07-01 04:50:51'),(244,6,0,'We are updating our Terms and Conditions','/terms','terms','2016-07-01 04:50:51','2016-07-01 04:50:51'),(245,7,0,'We are updating our Terms and Conditions','/terms','terms','2016-07-01 04:50:51','2016-07-01 04:50:51'),(247,9,0,'We are updating our Terms and Conditions','/terms','terms','2016-07-01 04:50:51','2016-07-01 04:50:51'),(248,10,0,'We are updating our Terms and Conditions','/terms','terms','2016-07-01 04:50:52','2016-07-01 04:50:52'),(250,12,0,'We are updating our Terms and Conditions','/terms','terms','2016-07-01 04:50:52','2016-07-01 04:50:52'),(251,13,0,'We are updating our Terms and Conditions','/terms','terms','2016-07-01 04:50:52','2016-07-01 04:50:52'),(253,15,0,'We are updating our Terms and Conditions','/terms','terms','2016-07-01 04:50:53','2016-07-01 04:50:53'),(261,23,0,'We are updating our Terms and Conditions','/terms','terms','2016-07-01 04:50:54','2016-07-01 04:50:54'),(262,24,0,'We are updating our Terms and Conditions','/terms','terms','2016-07-01 04:50:54','2016-07-01 04:50:54'),(263,25,0,'We are updating our Terms and Conditions','/terms','terms','2016-07-01 04:50:54','2016-07-01 04:50:54'),(264,26,0,'We are updating our Terms and Conditions','/terms','terms','2016-07-01 04:50:55','2016-07-01 04:50:55'),(265,27,0,'We are updating our Terms and Conditions','/terms','terms','2016-07-01 04:50:55','2016-07-01 04:50:55'),(266,28,0,'We are updating our Terms and Conditions','/terms','terms','2016-07-01 04:50:55','2016-07-01 04:50:55'),(267,29,0,'We are updating our Terms and Conditions','/terms','terms','2016-07-01 04:50:55','2016-07-01 04:50:55'),(268,30,0,'We are updating our Terms and Conditions','/terms','terms','2016-07-01 04:50:55','2016-07-01 04:50:55'),(270,32,0,'We are updating our Terms and Conditions','/terms','terms','2016-07-01 04:50:56','2016-07-01 04:50:56'),(271,33,0,'We are updating our Terms and Conditions','/terms','terms','2016-07-01 04:50:56','2016-07-01 04:50:56'),(272,34,0,'We are updating our Terms and Conditions','/terms','terms','2016-07-01 04:50:56','2016-07-01 04:50:56'),(276,38,0,'We are updating our Terms and Conditions','/terms','terms','2016-07-01 04:50:57','2016-07-01 04:50:57'),(277,39,0,'We are updating our Terms and Conditions','/terms','terms','2016-07-01 04:50:57','2016-07-01 04:50:57'),(279,41,0,'We are updating our Terms and Conditions','/terms','terms','2016-07-01 04:50:57','2016-07-01 04:50:57'),(280,42,0,'We are updating our Terms and Conditions','/terms','terms','2016-07-01 04:50:57','2016-07-01 04:50:57'),(281,43,0,'We are updating our Terms and Conditions','/terms','terms','2016-07-01 04:50:58','2016-07-01 04:50:58'),(282,44,0,'We are updating our Terms and Conditions','/terms','terms','2016-07-01 04:50:58','2016-07-01 04:50:58'),(283,45,0,'We are updating our Terms and Conditions','/terms','terms','2016-07-01 04:50:58','2016-07-01 04:50:58'),(284,46,0,'We are updating our Terms and Conditions','/terms','terms','2016-07-01 04:50:58','2016-07-01 04:50:58'),(285,47,0,'We are updating our Terms and Conditions','/terms','terms','2016-07-01 04:50:58','2016-07-01 04:50:58'),(286,48,0,'We are updating our Terms and Conditions','/terms','terms','2016-07-01 04:50:58','2016-07-01 04:50:58'),(287,49,0,'We are updating our Terms and Conditions','/terms','terms','2016-07-01 04:50:59','2016-07-01 04:50:59'),(288,50,0,'We are updating our Terms and Conditions','/terms','terms','2016-07-01 04:50:59','2016-07-01 04:50:59'),(289,51,0,'We are updating our Terms and Conditions','/terms','terms','2016-07-01 04:50:59','2016-07-01 04:50:59'),(290,52,0,'We are updating our Terms and Conditions','/terms','terms','2016-07-01 04:50:59','2016-07-01 04:50:59'),(291,53,0,'We are updating our Terms and Conditions','/terms','terms','2016-07-01 04:50:59','2016-07-01 04:50:59'),(292,54,0,'We are updating our Terms and Conditions','/terms','terms','2016-07-01 04:50:59','2016-07-01 04:50:59'),(293,55,0,'We are updating our Terms and Conditions','/terms','terms','2016-07-01 04:51:00','2016-07-01 04:51:00'),(294,56,0,'We are updating our Terms and Conditions','/terms','terms','2016-07-01 04:51:00','2016-07-01 04:51:00'),(295,57,0,'We are updating our Terms and Conditions','/terms','terms','2016-07-01 04:51:00','2016-07-01 04:51:00'),(296,58,0,'We are updating our Terms and Conditions','/terms','terms','2016-07-01 04:51:00','2016-07-01 04:51:00'),(298,60,0,'We are updating our Terms and Conditions','/terms','terms','2016-07-01 04:51:01','2016-07-01 04:51:01'),(299,61,0,'We are updating our Terms and Conditions','/terms','terms','2016-07-01 04:51:01','2016-07-01 04:51:01'),(300,62,0,'We are updating our Terms and Conditions','/terms','terms','2016-07-01 04:51:01','2016-07-01 04:51:01'),(301,63,0,'We are updating our Terms and Conditions','/terms','terms','2016-07-01 04:51:01','2016-07-01 04:51:01'),(302,64,0,'We are updating our Terms and Conditions','/terms','terms','2016-07-01 04:51:01','2016-07-01 04:51:01'),(303,65,0,'We are updating our Terms and Conditions','/terms','terms','2016-07-01 04:51:01','2016-07-01 04:51:01'),(304,66,0,'We are updating our Terms and Conditions','/terms','terms','2016-07-01 04:51:02','2016-07-01 04:51:02'),(305,67,0,'We are updating our Terms and Conditions','/terms','terms','2016-07-01 04:51:02','2016-07-01 04:51:02'),(306,68,0,'We are updating our Terms and Conditions','/terms','terms','2016-07-01 04:51:02','2016-07-01 04:51:02'),(307,69,0,'We are updating our Terms and Conditions','/terms','terms','2016-07-01 04:51:02','2016-07-01 04:51:02'),(308,70,0,'We are updating our Terms and Conditions','/terms','terms','2016-07-01 04:51:02','2016-07-01 04:51:02'),(309,71,0,'We are updating our Terms and Conditions','/terms','terms','2016-07-01 04:51:02','2016-07-01 04:51:02'),(310,72,0,'We are updating our Terms and Conditions','/terms','terms','2016-07-01 04:51:03','2016-07-01 04:51:03'),(311,73,0,'We are updating our Terms and Conditions','/terms','terms','2016-07-01 04:51:03','2016-07-01 04:51:03'),(312,74,0,'We are updating our Terms and Conditions','/terms','terms','2016-07-01 04:51:03','2016-07-01 04:51:03'),(313,75,0,'We are updating our Terms and Conditions','/terms','terms','2016-07-01 04:51:03','2016-07-01 04:51:03'),(314,76,0,'We are updating our Terms and Conditions','/terms','terms','2016-07-01 04:51:03','2016-07-01 04:51:03'),(315,77,0,'We are updating our Terms and Conditions','/terms','terms','2016-07-01 04:51:03','2016-07-01 04:51:03'),(317,79,0,'We are updating our Terms and Conditions','/terms','terms','2016-07-01 04:51:04','2016-07-01 04:51:04'),(318,80,0,'We are updating our Terms and Conditions','/terms','terms','2016-07-01 04:51:04','2016-07-01 04:51:04'),(319,81,0,'We are updating our Terms and Conditions','/terms','terms','2016-07-01 04:51:04','2016-07-01 04:51:04'),(321,83,0,'We are updating our Terms and Conditions','/terms','terms','2016-07-01 04:51:04','2016-07-01 04:51:04'),(322,84,0,'We are updating our Terms and Conditions','/terms','terms','2016-07-01 04:51:05','2016-07-01 04:51:05'),(324,75,0,'You have a new message from Christos','deal/2','msg','2016-07-03 11:27:20','2016-07-03 11:27:20'),(336,14,0,'You have a new message from Chris','deal/10','msg','2016-07-20 10:25:00','2016-07-20 10:25:00'),(349,11,0,'You have a new message from Chris','deal/9','msg','2016-07-21 14:26:52','2016-07-21 14:26:52'),(353,11,0,'You have a new message from Chris','deal/9','msg','2016-07-22 10:13:47','2016-07-22 10:13:47'),(354,14,0,'You have a new message from Chris','deal/10','msg','2016-07-22 10:14:32','2016-07-22 10:14:32'),(355,88,0,'Chris made a bid on your request','/request/view/68','bid','2016-07-25 06:29:51','2016-07-25 06:29:51'),(369,14,0,'You have a new message from Chris','deal/10','msg','2016-08-07 09:26:59','2016-08-07 09:26:59'),(383,14,0,'You have a new message from Chris','deal/10','msg','2016-08-08 11:51:15','2016-08-08 11:51:15'),(388,9,0,'Verify your email','/profile','warning','2016-08-08 18:40:37','2016-08-08 18:40:37'),(390,13,0,'Verify your email','/profile','warning','2016-08-08 18:40:37','2016-08-08 18:40:37'),(391,20,0,'Verify your email','/profile','warning','2016-08-08 18:40:38','2016-08-08 18:40:38'),(392,21,0,'Verify your email','/profile','warning','2016-08-08 18:40:38','2016-08-08 18:40:38'),(393,32,0,'Verify your email','/profile','warning','2016-08-08 18:40:40','2016-08-08 18:40:40'),(394,33,0,'Verify your email','/profile','warning','2016-08-08 18:40:41','2016-08-08 18:40:41'),(395,35,0,'Verify your email','/profile','warning','2016-08-08 18:40:41','2016-08-08 18:40:41'),(396,44,0,'Verify your email','/profile','warning','2016-08-08 18:40:42','2016-08-08 18:40:42'),(397,47,0,'Verify your email','/profile','warning','2016-08-08 18:40:43','2016-08-08 18:40:43'),(398,48,0,'Verify your email','/profile','warning','2016-08-08 18:40:45','2016-08-08 18:40:45'),(399,53,0,'Verify your email','/profile','warning','2016-08-08 18:40:46','2016-08-08 18:40:46'),(400,54,0,'Verify your email','/profile','warning','2016-08-08 18:40:47','2016-08-08 18:40:47'),(401,55,0,'Verify your email','/profile','warning','2016-08-08 18:40:47','2016-08-08 18:40:47'),(402,57,0,'Verify your email','/profile','warning','2016-08-08 18:40:48','2016-08-08 18:40:48'),(403,62,0,'Verify your email','/profile','warning','2016-08-08 18:40:48','2016-08-08 18:40:48'),(404,64,0,'Verify your email','/profile','warning','2016-08-08 18:40:48','2016-08-08 18:40:48'),(405,74,0,'Verify your email','/profile','warning','2016-08-08 18:40:49','2016-08-08 18:40:49'),(406,75,0,'Verify your email','/profile','warning','2016-08-08 18:40:49','2016-08-08 18:40:49'),(407,83,0,'Verify your email','/profile','warning','2016-08-08 18:40:51','2016-08-08 18:40:51'),(408,87,0,'Verify your email','/profile','warning','2016-08-08 18:40:51','2016-08-08 18:40:51'),(409,88,0,'Verify your email','/profile','warning','2016-08-08 18:40:51','2016-08-08 18:40:51'),(410,89,0,'Verify your email','/profile','warning','2016-08-08 18:40:52','2016-08-08 18:40:52'),(411,11,0,'Chris bought the products you requested','deal/9','shop','2016-08-10 16:15:04','2016-08-10 16:15:04'),(412,11,0,'You have a new message from Chris','deal/9','msg','2016-08-10 16:15:41','2016-08-10 16:15:41'),(413,17,0,'Chris made a bid on your request','/request/view/74','bid','2016-08-25 17:38:47','2016-08-25 17:38:47'),(414,11,0,'You have a new message from Chris','deal/9','msg','2016-08-28 13:37:20','2016-08-28 13:37:20'),(430,18,0,'Chris made a bid on your request','/request/view/86','bid','2016-10-14 14:04:43','2016-10-14 14:04:43'),(442,65,0,'Chris has paid for your deal','/deal/20','paid','2016-10-17 16:52:34','2016-10-17 16:52:34'),(443,65,0,'Chris has paid for your deal','/deal/19','paid','2016-10-17 16:55:26','2016-10-17 16:55:26'),(445,65,0,'Chris has paid for your deal','/deal/19','paid','2016-10-17 17:03:23','2016-10-17 17:03:23'),(447,65,0,'Chris received the products','deal/19','antebox','2016-10-17 17:14:24','2016-10-17 17:14:24'),(451,4,0,'You now need to pay for your products','/deal/21','warning','2016-10-17 17:41:54','2016-10-17 17:41:54'),(457,8,0,'Chris made a bid on your request','/request/view/93','bid','2016-10-18 06:29:08','2016-10-18 06:29:08'),(458,8,0,'Andreas has accepted your bid','/deal/23','deal','2016-10-18 19:32:01','2016-10-18 19:32:01'),(466,8,0,'Andreas has paid for your deal','/deal/23','paid','2016-10-20 18:49:04','2016-10-20 18:49:04'),(467,8,0,'You have a new message from Andreas','deal/23','msg','2016-10-20 18:49:19','2016-10-20 18:49:19'),(468,36,0,'Chris bought the products you requested','deal/24','shop','2016-10-21 10:44:27','2016-10-21 10:44:27'),(469,36,0,'Chris delivered the products','deal/24','antebox','2016-10-21 10:44:31','2016-10-21 10:44:31'),(471,36,0,'You have a new message from Chris','deal/24','msg','2016-10-23 10:00:56','2016-10-23 10:00:56'),(472,99,0,'Christos made a bid on your request','/request/view/85','bid','2016-10-26 08:51:43','2016-10-26 08:51:43'),(473,99,0,'Christos made a bid on your request','/request/view/85','bid','2016-10-26 09:20:38','2016-10-26 09:20:38'),(480,4,0,'You now need to pay for your products','/deal/25','warning','2016-11-09 21:26:33','2016-11-09 21:26:33'),(485,1,0,'You now need to pay for your products','/deal/26','warning','2016-11-19 14:48:00','2016-11-19 14:48:00'),(491,65,0,'Chris made a bid on your request','/request/view/106','bid','2016-11-21 13:46:06','2016-11-21 13:46:06'),(493,65,0,'Christos made a bid on your request','/request/view/106','bid','2016-11-24 17:10:19','2016-11-24 17:10:19'),(496,122,0,'Monagri made a bid on your request','/request/view/112','bid','2016-12-07 13:58:00','2016-12-07 13:58:00'),(501,122,0,'You have a new message from Monagri','deal/28','msg','2016-12-09 15:29:32','2016-12-09 15:29:32'),(502,122,0,'Monagri delivered the products','deal/27','antebox','2016-12-10 19:32:55','2016-12-10 19:32:55'),(503,122,0,'Monagri bought the products you requested','deal/28','shop','2016-12-13 12:00:54','2016-12-13 12:00:54'),(508,122,0,'You have a new message from Monagri','deal/28','msg','2016-12-26 20:43:10','2016-12-26 20:43:10'),(509,75,0,'You have a new message from Christos','deal/2','msg','2016-12-29 09:34:14','2016-12-29 09:34:14');
/*!40000 ALTER TABLE `notifications` ENABLE KEYS */;
UNLOCK TABLES;

--
-- Table structure for table `password_resets`
--

DROP TABLE IF EXISTS `password_resets`;
/*!40101 SET @saved_cs_client     = @@character_set_client */;
/*!40101 SET character_set_client = utf8 */;
CREATE TABLE `password_resets` (
  `email` varchar(255) COLLATE utf8_unicode_ci NOT NULL,
  `token` varchar(255) COLLATE utf8_unicode_ci NOT NULL,
  `created_at` timestamp NOT NULL DEFAULT '0000-00-00 00:00:00',
  KEY `password_resets_email_index` (`email`),
  KEY `password_resets_token_index` (`token`)
) ENGINE=InnoDB DEFAULT CHARSET=utf8 COLLATE=utf8_unicode_ci;
/*!40101 SET character_set_client = @saved_cs_client */;

--
-- Dumping data for table `password_resets`
--

LOCK TABLES `password_resets` WRITE;
/*!40000 ALTER TABLE `password_resets` DISABLE KEYS */;
INSERT INTO `password_resets` VALUES ('gehenna63@hotmail.com','e7624802196f66f83a1d6006c7f1e18402757ede743b4272753193a2415db2a9','2016-04-11 10:12:01');
/*!40000 ALTER TABLE `password_resets` ENABLE KEYS */;
UNLOCK TABLES;

--
-- Table structure for table `pay`
--

DROP TABLE IF EXISTS `pay`;
/*!40101 SET @saved_cs_client     = @@character_set_client */;
/*!40101 SET character_set_client = utf8 */;
CREATE TABLE `pay` (
  `id` int(10) unsigned NOT NULL AUTO_INCREMENT,
  `user_id` int(10) unsigned NOT NULL,
  `hash` varchar(255) COLLATE utf8_unicode_ci NOT NULL,
  `total` double(10,2) NOT NULL,
  `paid` tinyint(1) NOT NULL DEFAULT '0',
  `created_at` timestamp NULL DEFAULT NULL,
  `updated_at` timestamp NULL DEFAULT NULL,
  PRIMARY KEY (`id`),
  KEY `pay_user_id_foreign` (`user_id`),
  CONSTRAINT `pay_user_id_foreign` FOREIGN KEY (`user_id`) REFERENCES `users` (`id`)
) ENGINE=InnoDB AUTO_INCREMENT=29 DEFAULT CHARSET=utf8 COLLATE=utf8_unicode_ci;
/*!40101 SET character_set_client = @saved_cs_client */;

--
-- Dumping data for table `pay`
--

LOCK TABLES `pay` WRITE;
/*!40000 ALTER TABLE `pay` DISABLE KEYS */;
INSERT INTO `pay` VALUES (1,1,'fb626eb442d252be5988aee78d31ec3826daa3be5270c5eb98e0379deb8c3ed6',50.50,0,'2016-06-06 19:21:22','2016-06-06 19:21:22'),(2,1,'d6f91a3fc21310c5e4fdb0d53d344dafb14a57e327c7e47a330f77758684133e',285.00,1,'2016-06-10 12:13:55','2016-06-10 12:13:55'),(3,16,'9fe808b0206614afe07820159afa30c15feda565fc4b6be7608fc13197f06049',49.28,0,'2016-06-14 08:26:54','2016-06-14 08:26:54'),(4,16,'ec3f21d9f8465b9d4b0a22ec6034b1fda818c75672da49eeec80305b0cdb4913',70.00,0,'2016-06-14 08:33:33','2016-06-14 08:33:33'),(5,16,'f924edca9bd9a0420eef03968089c311282fdd71d422bda2dcf2b6d73528d5c2',159.60,0,'2016-06-14 08:38:05','2016-06-14 08:38:05'),(6,1,'360c1757c59d655dfeca3c9302e52424c52004278dd3c8487afb7a522445a755',115.98,0,'2016-06-14 17:17:59','2016-06-23 09:11:43'),(7,36,'78ed6e6a52abe17bc719c708711bd14f33282ac882bd063f756c5110b8ca612e',24.08,0,'2016-06-25 15:28:15','2016-06-25 15:28:15'),(8,4,'195f89601dfd97c755d30b2a51ff342da06b2db03c0e258113bdf64fc3e74da3',9.55,1,'2016-07-18 08:08:38','2016-07-21 04:50:28'),(9,11,'a8832618883870e9b737a2c11cf14412383d879e4e86ab7662439a6f5f3abdc7',7.28,1,'2016-07-19 05:55:46','2016-07-19 06:04:54'),(10,14,'be35c506c3c7ca9b1c15d22fc4bd52aa0d6a2c2f2784bdf4dec5cb4251c03e62',7.28,0,'2016-07-20 10:10:37','2016-07-20 10:10:37'),(11,36,'73283f47ff90d3d31bf1e981983953b50722039fd3ff64a1f76e191521eb2431',16.80,0,'2016-07-21 04:04:07','2016-07-21 04:04:07'),(12,1,'c884a58658ad2be8c3db670c8ecf6d5fbcfa73b4b419163da5105c627c7895cc',10.08,0,'2016-07-21 07:06:49','2016-07-21 07:06:49'),(13,1,'d28f898445fdbab0c442c789333f8d4467d007350f2b9ba1c624cc2b27a70504',27.44,0,'2016-07-21 07:08:57','2016-07-21 07:08:57'),(14,1,'5e4afe97a160a44c8f893020bc191d23aba53bdd2c8d5f663dc283e658250752',8.96,1,'2016-07-21 08:45:37','2016-07-25 08:38:09'),(15,88,'cbb8aaa5bfac04c6b2f6c1115e91ffc178cb12c475cb963dcfa8951e34156c67',8.40,1,'2016-07-25 06:49:46','2016-07-25 06:51:00'),(16,4,'f56c0476eac9c9ec3eefa154db242407da77aa3e12eba66b488a0d577103925d',0.01,1,'2016-07-25 09:14:41','2016-07-25 09:16:37'),(17,4,'d5fa27ac16c05ab48f23597842a4a50209fca18e720261f33df2ebba6a596bb2',25.20,1,'2016-08-28 13:53:51','2016-10-17 17:00:11'),(18,1,'9dc849e7dc6588d2eb24e7064f90e087a875729d3fbb3bce97668fe29dde2ac0',36.96,1,'2016-09-09 10:43:58','2016-10-17 16:41:55'),(19,4,'2a391516f810927ac23baaba77c2fbbdcff70b648df2e9478cdde7d4cea47d60',44.80,1,'2016-10-16 08:33:15','2016-10-17 17:03:23'),(20,4,'3b332a75a5d781e10607aaaf71d5b9c8e8b8dc1d71fc1b302749ad840e5f5400',67.20,0,'2016-10-17 11:48:14','2016-10-17 16:52:34'),(21,4,'cbadea3e3070652364675dfd92355f906175012d3f83e61029ac3ea06c372358',22.40,0,'2016-10-17 17:41:54','2016-10-17 17:41:54'),(22,1,'e475a274cdedc1c1c5ae78aafe5dd301ff75432c3276783321a833dd12d1242f',39.20,1,'2016-10-17 17:45:39','2016-10-17 17:47:30'),(23,36,'9eba7c5f3c7ddaebec333be7aa637beca6cc52edd165fed0406606da0f639d2f',4.83,1,'2016-10-18 19:32:01','2016-10-20 18:49:04'),(24,36,'8a5e06434ca758d3453d1daa53dab18b8b0a6922b98313c375875a2b842dc057',15.12,1,'2016-10-18 19:36:50','2016-10-20 18:45:35'),(25,4,'42895ab947b06bef18dd3754bd0d5b0a0eae39138f65378b6558874c470bf04f',39.20,0,'2016-11-09 21:26:33','2016-11-09 21:26:33'),(26,1,'34c4885c6cfbad1145b5cb50d0d437f873778df65bb9df9ef7f9fd0567b2f925',13.44,0,'2016-11-19 14:48:00','2016-11-19 14:48:00'),(27,122,'5d9f25f16059a4e37f988a5a0b923a48871bd160c3426892b9b673c8de60fd73',25.20,1,'2016-11-19 20:37:17','2016-11-19 20:38:25'),(28,122,'d73f6667f71e32dc64d42eac8713e513ea2cc60f708ca655858f28929ff2b9ca',62.72,1,'2016-12-07 14:24:45','2016-12-08 19:38:07');
/*!40000 ALTER TABLE `pay` ENABLE KEYS */;
UNLOCK TABLES;

--
-- Table structure for table `payment`
--

DROP TABLE IF EXISTS `payment`;
/*!40101 SET @saved_cs_client     = @@character_set_client */;
/*!40101 SET character_set_client = utf8 */;
CREATE TABLE `payment` (
  `id` int(10) unsigned NOT NULL AUTO_INCREMENT,
  `pay_id` int(10) unsigned NOT NULL,
  `transaction_id` varchar(255) COLLATE utf8_unicode_ci NOT NULL,
  `cart_id` varchar(255) COLLATE utf8_unicode_ci NOT NULL,
  `payment_method` varchar(255) COLLATE utf8_unicode_ci NOT NULL,
  `status` varchar(255) COLLATE utf8_unicode_ci NOT NULL,
  `email` varchar(255) COLLATE utf8_unicode_ci NOT NULL,
  `first_name` varchar(255) COLLATE utf8_unicode_ci NOT NULL,
  `last_name` varchar(255) COLLATE utf8_unicode_ci NOT NULL,
  `payer_id` varchar(255) COLLATE utf8_unicode_ci NOT NULL,
  `created_at` timestamp NULL DEFAULT NULL,
  `updated_at` timestamp NULL DEFAULT NULL,
  PRIMARY KEY (`id`),
  KEY `payment_pay_id_foreign` (`pay_id`),
  CONSTRAINT `payment_pay_id_foreign` FOREIGN KEY (`pay_id`) REFERENCES `pay` (`id`)
) ENGINE=InnoDB AUTO_INCREMENT=25 DEFAULT CHARSET=utf8 COLLATE=utf8_unicode_ci;
/*!40101 SET character_set_client = @saved_cs_client */;

--
-- Dumping data for table `payment`
--

LOCK TABLES `payment` WRITE;
/*!40000 ALTER TABLE `payment` DISABLE KEYS */;
INSERT INTO `payment` VALUES (1,6,'PAY-394205336N995754HK5UVGSA','31D83829YV8067234','paypal','VERIFIED','test@antebox.com','qwe','asd','NMUQAUZD9KQ7S','2016-06-21 11:46:44','2016-06-21 11:46:44'),(2,6,'PAY-0A125389Y47938408K5UVINA','51D0095114638494D','paypal','VERIFIED','test@antebox.com','qwe','asd','NMUQAUZD9KQ7S','2016-06-21 11:50:49','2016-06-21 11:50:49'),(3,6,'PAY-44P89980CY177415DK5UVKYQ','16B34919AU040830E','paypal','VERIFIED','test@antebox.com','qwe','asd','NMUQAUZD9KQ7S','2016-06-21 11:55:42','2016-06-21 11:55:42'),(4,6,'PAY-8BB75651FT722335WK5UZ4CA','9HP550086M855364C','paypal','VERIFIED','test@antebox.com','qwe','asd','NMUQAUZD9KQ7S','2016-06-21 17:06:28','2016-06-21 17:06:28'),(5,6,'PAY-36A01708S2428171XK5V5APY','1KE45379W7122681W','paypal','VERIFIED','test@antebox.com','qwe','asd','NMUQAUZD9KQ7S','2016-06-23 09:04:35','2016-06-23 09:04:35'),(6,6,'PAY-1MM39689TS6309711K5V5A6Q','6F142167XF8447612','paypal','VERIFIED','test@antebox.com','qwe','asd','NMUQAUZD9KQ7S','2016-06-23 09:05:54','2016-06-23 09:05:54'),(7,6,'PAY-901271033W8837012K5V5C7A','8TV50560HP0103207','paypal','VERIFIED','test@antebox.com','qwe','asd','NMUQAUZD9KQ7S','2016-06-23 09:09:45','2016-06-23 09:09:45'),(8,6,'PAY-4FT717245H641020EK5V5D4Y','9X0813758Y1247021','paypal','VERIFIED','test@antebox.com','qwe','asd','NMUQAUZD9KQ7S','2016-06-23 09:11:43','2016-06-23 09:11:43'),(9,9,'PAY-8S403595NT291762RK6G62DY','8K732798M4528552T','paypal','UNVERIFIED','c.michaelides1948@gmail.com','Costas','Michaelides','8XNEXG323X6B2','2016-07-19 06:04:54','2016-07-19 06:04:54'),(10,8,'PAY-8CB34179H5187033HK6IH43Q','5UY62226P1694221V','paypal','VERIFIED','christoforos.konstantinidis.1@gmail.com','Christoforos','Konstantinidis','6NBX83S9CMPYL','2016-07-21 04:50:28','2016-07-21 04:50:28'),(11,15,'PAY-5UH52084TK6058214K6K6BVY','2WY920633W783820W','paypal','VERIFIED','testing@paypaltech.com','MTS','TEST','CSPMZ9M7GRZH4','2016-07-25 06:51:00','2016-07-25 06:51:00'),(12,14,'PAY-15M54241CJ870302YK6K7TWQ','72X96977EL809072J','paypal','VERIFIED','test@antebox.com','qwe','asd','NMUQAUZD9KQ7S','2016-07-25 08:38:09','2016-07-25 08:38:09'),(13,14,'PAY-2RW72726FA7648326K6K72GQ','0VS55098NR734534K','paypal','VERIFIED','test@antebox.com','qwe','asd','NMUQAUZD9KQ7S','2016-07-25 08:51:19','2016-07-25 08:51:19'),(14,16,'PAY-9A4245018M1860940K6LAFXQ','7NW28253T8426122D','paypal','VERIFIED','christoforos.konstantinidis.1@gmail.com','Christoforos','Konstantinidis','6NBX83S9CMPYL','2016-07-25 09:16:37','2016-07-25 09:16:37'),(15,18,'PAY-5HC4058296599484ULACSSKQ','0LR6382120272632E','paypal','VERIFIED','test@antebox.com','qwe','asd','NMUQAUZD9KQ7S','2016-10-17 16:41:55','2016-10-17 16:41:55'),(16,20,'PAY-4VH81133WS365602FLACSXLI','7CF04933VC414792V','paypal','VERIFIED','test@antebox.com','qwe','asd','NMUQAUZD9KQ7S','2016-10-17 16:52:34','2016-10-17 16:52:34'),(17,19,'PAY-20C50239BC206611GLACSZFQ','56548216N8803215J','paypal','VERIFIED','test@antebox.com','qwe','asd','NMUQAUZD9KQ7S','2016-10-17 16:55:26','2016-10-17 16:55:26'),(18,17,'PAY-2NH87424Y9324535LLACS3PA','3CR687647B370730N','paypal','VERIFIED','test@antebox.com','qwe','asd','NMUQAUZD9KQ7S','2016-10-17 17:00:11','2016-10-17 17:00:11'),(19,19,'PAY-6V3974596E9066541LACS47Q','3EC988574X5950640','paypal','VERIFIED','test@antebox.com','qwe','asd','NMUQAUZD9KQ7S','2016-10-17 17:03:23','2016-10-17 17:03:23'),(20,22,'PAY-6EC28241R61208343LACTRQY','2TR99096FD5607527','paypal','VERIFIED','tester@antebox.com','Antebox','Tester','PHCCHDDXNXBQS','2016-10-17 17:47:30','2016-10-17 17:47:30'),(21,24,'PAY-7J891035G80916539LAETVWI','6NL44584T0598251L','paypal','VERIFIED','test@antebox.com','qwe','asd','NMUQAUZD9KQ7S','2016-10-20 18:45:35','2016-10-20 18:45:35'),(22,23,'PAY-0R3547759G243790KLAETXQA','0PV86693Y4305624N','paypal','VERIFIED','test@antebox.com','qwe','asd','NMUQAUZD9KQ7S','2016-10-20 18:49:04','2016-10-20 18:49:04'),(23,27,'PAY-2SM49470DC550612HLAYNIOA','5B560444021386128','paypal','VERIFIED','martina.kremser@gmx.net','Martina','Kremser','WJ637FSD5UFFY','2016-11-19 20:38:25','2016-11-19 20:38:25'),(24,28,'PAY-4NA76487YB488473HLBE5FAQ','72W14274FE907135U','paypal','VERIFIED','martina.kremser@gmx.net','Martina','Kremser','WJ637FSD5UFFY','2016-12-08 19:38:07','2016-12-08 19:38:07');
/*!40000 ALTER TABLE `payment` ENABLE KEYS */;
UNLOCK TABLES;

--
-- Table structure for table `payout_method`
--

DROP TABLE IF EXISTS `payout_method`;
/*!40101 SET @saved_cs_client     = @@character_set_client */;
/*!40101 SET character_set_client = utf8 */;
CREATE TABLE `payout_method` (
  `id` int(10) unsigned NOT NULL AUTO_INCREMENT,
  `user_id` int(10) unsigned NOT NULL,
  `method` varchar(10) COLLATE utf8_unicode_ci NOT NULL,
  `data` varchar(255) COLLATE utf8_unicode_ci NOT NULL,
  `created_at` timestamp NULL DEFAULT NULL,
  `updated_at` timestamp NULL DEFAULT NULL,
  PRIMARY KEY (`id`),
  KEY `payout_method_user_id_foreign` (`user_id`),
  CONSTRAINT `payout_method_user_id_foreign` FOREIGN KEY (`user_id`) REFERENCES `users` (`id`)
) ENGINE=InnoDB AUTO_INCREMENT=10 DEFAULT CHARSET=utf8 COLLATE=utf8_unicode_ci;
/*!40101 SET character_set_client = @saved_cs_client */;

--
-- Dumping data for table `payout_method`
--

LOCK TABLES `payout_method` WRITE;
/*!40000 ALTER TABLE `payout_method` DISABLE KEYS */;
INSERT INTO `payout_method` VALUES (9,4,'paypal','christoforos.konstantinidis.1@gmail.com','2016-07-07 15:26:00','2016-07-07 15:26:00');
/*!40000 ALTER TABLE `payout_method` ENABLE KEYS */;
UNLOCK TABLES;

--
-- Table structure for table `productImages`
--

DROP TABLE IF EXISTS `productImages`;
/*!40101 SET @saved_cs_client     = @@character_set_client */;
/*!40101 SET character_set_client = utf8 */;
CREATE TABLE `productImages` (
  `id` int(10) unsigned NOT NULL AUTO_INCREMENT,
  `product_id` int(10) unsigned NOT NULL,
  `pic_url` varchar(255) COLLATE utf8_unicode_ci NOT NULL,
  `created_at` timestamp NULL DEFAULT NULL,
  `updated_at` timestamp NULL DEFAULT NULL,
  PRIMARY KEY (`id`),
  KEY `productimages_product_id_foreign` (`product_id`),
  CONSTRAINT `productimages_product_id_foreign` FOREIGN KEY (`product_id`) REFERENCES `products` (`id`)
) ENGINE=InnoDB DEFAULT CHARSET=utf8 COLLATE=utf8_unicode_ci;
/*!40101 SET character_set_client = @saved_cs_client */;

--
-- Dumping data for table `productImages`
--

LOCK TABLES `productImages` WRITE;
/*!40000 ALTER TABLE `productImages` DISABLE KEYS */;
/*!40000 ALTER TABLE `productImages` ENABLE KEYS */;
UNLOCK TABLES;

--
-- Table structure for table `product_stores`
--

DROP TABLE IF EXISTS `product_stores`;
/*!40101 SET @saved_cs_client     = @@character_set_client */;
/*!40101 SET character_set_client = utf8 */;
CREATE TABLE `product_stores` (
  `id` int(10) unsigned NOT NULL AUTO_INCREMENT,
  `product_id` int(10) unsigned NOT NULL,
  `store_id` int(10) unsigned NOT NULL,
  `created_at` timestamp NULL DEFAULT NULL,
  `updated_at` timestamp NULL DEFAULT NULL,
  PRIMARY KEY (`id`),
  KEY `product_stores_product_id_foreign` (`product_id`),
  KEY `product_stores_store_id_foreign` (`store_id`),
  CONSTRAINT `product_stores_product_id_foreign` FOREIGN KEY (`product_id`) REFERENCES `products` (`id`),
  CONSTRAINT `product_stores_store_id_foreign` FOREIGN KEY (`store_id`) REFERENCES `stores` (`id`)
) ENGINE=InnoDB AUTO_INCREMENT=160 DEFAULT CHARSET=utf8 COLLATE=utf8_unicode_ci;
/*!40101 SET character_set_client = @saved_cs_client */;

--
-- Dumping data for table `product_stores`
--

LOCK TABLES `product_stores` WRITE;
/*!40000 ALTER TABLE `product_stores` DISABLE KEYS */;
INSERT INTO `product_stores` VALUES (4,1,1,NULL,NULL),(8,11,4,NULL,NULL),(9,2,4,NULL,NULL),(10,8,4,NULL,NULL),(11,5,4,NULL,NULL),(12,10,4,NULL,NULL),(13,9,4,NULL,NULL),(14,6,4,NULL,NULL),(15,3,4,NULL,NULL),(16,4,4,NULL,NULL),(17,7,4,NULL,NULL),(18,13,4,NULL,NULL),(19,12,5,NULL,NULL),(20,14,4,NULL,NULL),(21,15,4,NULL,NULL),(22,16,4,NULL,NULL),(24,35,1,NULL,NULL),(25,33,1,NULL,NULL),(26,19,1,NULL,NULL),(27,17,1,NULL,NULL),(28,23,1,NULL,NULL),(29,18,1,NULL,NULL),(30,32,1,NULL,NULL),(31,31,1,NULL,NULL),(32,22,1,NULL,NULL),(33,34,1,NULL,NULL),(34,20,1,NULL,NULL),(35,26,1,NULL,NULL),(36,30,1,NULL,NULL),(37,28,1,NULL,NULL),(38,29,1,NULL,NULL),(39,27,1,NULL,NULL),(40,24,1,NULL,NULL),(41,36,1,NULL,NULL),(42,25,1,NULL,NULL),(43,42,1,NULL,NULL),(44,37,1,NULL,NULL),(45,39,1,NULL,NULL),(46,41,1,NULL,NULL),(47,38,1,NULL,NULL),(48,43,1,NULL,NULL),(49,40,1,NULL,NULL),(50,45,6,NULL,NULL),(51,46,7,NULL,NULL),(52,47,7,NULL,NULL),(53,47,8,NULL,NULL),(54,46,8,NULL,NULL),(55,21,1,NULL,NULL),(56,48,6,NULL,NULL),(57,49,9,NULL,NULL),(58,49,10,NULL,NULL),(59,50,10,NULL,NULL),(60,50,9,NULL,NULL),(61,51,10,NULL,NULL),(62,51,9,NULL,NULL),(63,53,1,NULL,NULL),(64,54,1,NULL,NULL),(65,55,9,NULL,NULL),(66,55,10,NULL,NULL),(67,56,10,NULL,NULL),(68,56,9,NULL,NULL),(69,57,11,NULL,NULL),(70,58,11,NULL,NULL),(71,45,12,NULL,NULL),(72,48,12,NULL,NULL),(73,59,12,NULL,NULL),(74,60,13,NULL,NULL),(75,61,13,NULL,NULL),(77,63,13,NULL,NULL),(78,64,13,NULL,NULL),(79,65,13,NULL,NULL),(80,66,13,NULL,NULL),(82,68,14,NULL,NULL),(83,69,14,NULL,NULL),(84,70,15,NULL,NULL),(85,71,15,NULL,NULL),(86,72,15,NULL,NULL),(87,73,15,NULL,NULL),(88,74,15,NULL,NULL),(89,75,15,NULL,NULL),(90,76,15,NULL,NULL),(91,77,15,NULL,NULL),(92,78,15,NULL,NULL),(93,79,15,NULL,NULL),(94,80,15,NULL,NULL),(95,81,15,NULL,NULL),(96,82,15,NULL,NULL),(97,83,15,NULL,NULL),(98,84,15,NULL,NULL),(99,85,15,NULL,NULL),(100,86,15,NULL,NULL),(101,87,15,NULL,NULL),(102,88,15,NULL,NULL),(103,89,15,NULL,NULL),(104,90,15,NULL,NULL),(105,91,15,NULL,NULL),(107,93,16,NULL,NULL),(108,94,17,NULL,NULL),(109,95,17,NULL,NULL),(110,96,17,NULL,NULL),(111,97,17,NULL,NULL),(112,98,17,NULL,NULL),(113,99,17,NULL,NULL),(114,100,17,NULL,NULL),(115,101,17,NULL,NULL),(116,102,17,NULL,NULL),(117,103,17,NULL,NULL),(118,104,17,NULL,NULL),(119,105,17,NULL,NULL),(120,106,19,NULL,NULL),(121,107,19,NULL,NULL),(122,108,19,NULL,NULL),(123,109,19,NULL,NULL),(124,110,19,NULL,NULL),(125,111,19,NULL,NULL),(126,112,19,NULL,NULL),(127,113,19,NULL,NULL),(128,114,19,NULL,NULL),(129,115,19,NULL,NULL),(130,116,19,NULL,NULL),(131,117,19,NULL,NULL),(132,118,19,NULL,NULL),(133,119,19,NULL,NULL),(134,120,19,NULL,NULL),(137,121,19,NULL,NULL),(138,122,19,NULL,NULL),(139,123,19,NULL,NULL),(140,124,20,NULL,NULL),(141,124,21,NULL,NULL),(142,125,20,NULL,NULL),(143,125,21,NULL,NULL),(144,126,17,NULL,NULL),(145,127,17,NULL,NULL),(146,128,17,NULL,NULL),(147,129,17,NULL,NULL),(148,130,17,NULL,NULL),(149,131,17,NULL,NULL),(150,132,17,NULL,NULL),(151,133,22,NULL,NULL),(152,134,22,NULL,NULL),(153,135,22,NULL,NULL),(154,136,22,NULL,NULL),(155,137,22,NULL,NULL),(156,138,22,NULL,NULL),(157,139,22,NULL,NULL),(158,140,22,NULL,NULL),(159,141,1,NULL,NULL);
/*!40000 ALTER TABLE `product_stores` ENABLE KEYS */;
UNLOCK TABLES;

--
-- Table structure for table `products`
--

DROP TABLE IF EXISTS `products`;
/*!40101 SET @saved_cs_client     = @@character_set_client */;
/*!40101 SET character_set_client = utf8 */;
CREATE TABLE `products` (
  `id` int(10) unsigned NOT NULL AUTO_INCREMENT,
  `category` varchar(50) COLLATE utf8_unicode_ci NOT NULL,
  `company_id` int(10) unsigned NOT NULL,
  `name` varchar(100) COLLATE utf8_unicode_ci NOT NULL,
  `description` varchar(500) COLLATE utf8_unicode_ci NOT NULL,
  `price` double(10,2) NOT NULL,
  `weight` int(10) unsigned NOT NULL,
  `size_h` int(10) unsigned NOT NULL,
  `size_w` int(10) unsigned NOT NULL,
  `size_d` int(10) unsigned NOT NULL,
  `pic_url` varchar(255) COLLATE utf8_unicode_ci NOT NULL DEFAULT 'product.png',
  `vid_url` varchar(255) COLLATE utf8_unicode_ci DEFAULT NULL,
  `visit` int(11) NOT NULL DEFAULT '0',
  `visit_uniq` int(11) NOT NULL DEFAULT '0',
  `created_at` timestamp NULL DEFAULT NULL,
  `updated_at` timestamp NULL DEFAULT NULL,
  `bag` varchar(255) COLLATE utf8_unicode_ci NOT NULL,
  PRIMARY KEY (`id`),
  KEY `products_company_id_foreign` (`company_id`),
  CONSTRAINT `products_company_id_foreign` FOREIGN KEY (`company_id`) REFERENCES `company` (`id`)
) ENGINE=InnoDB AUTO_INCREMENT=142 DEFAULT CHARSET=utf8 COLLATE=utf8_unicode_ci;
/*!40101 SET character_set_client = @saved_cs_client */;

--
-- Dumping data for table `products`
--

LOCK TABLES `products` WRITE;
/*!40000 ALTER TABLE `products` DISABLE KEYS */;
INSERT INTO `products` VALUES (1,'Sweets',1,'Sousoukos','Pronounced Sousoukos is a traditional product that is made from almonds or walnuts passed through a thread and then dipped into a cream made from grape juice and flour. The procedure is similar to the traditional candle making and in Cyprus it is usually served with an alcoholic drink called Zivania',7.00,500,4,3,14,'1.jpg','1.mp4',992,792,'2016-05-04 06:53:37','2017-01-02 12:09:14',''),(2,'Meat',2,'Ciauscolo Salami ','This salami is made in the Marche region. The name comes from the Latin cibusculum \"little food\", since this tasty salami is often served as a spread on small slices of bread. It was also part of the ration of the Roman legionary. Not surprisingly, its historical origin is concentrated in the valley of S. Angelo, between Marche and Umbria. With a pinkish color, this salami is made of a mixture of pork meat: bacon, shoulder, ham and loin, with an addition of salt and spices such as black pepper.',15.00,450,18,6,6,'2.jpg','',161,150,'2016-06-01 18:40:38','2017-01-02 12:10:04',''),(3,'Cheese  ',2,'Truffle Cheese  ','Cheese made of pasteurized  cow\'s milk and sheep\'s milk, rennet, salt, lactic ferments, and truffle flakes.  ',11.50,250,6,8,8,'3.jpg','',158,153,'2016-06-01 19:01:58','2017-01-02 12:09:54',''),(4,'Honey',2,'Truffle Honey  ','This acacia honey is filled with black truffle flakes. It is excellent with meats, poultry and cheeses. The truffle is an underground fungus , belonging to the Tuberaceae family and grows naturally in the soil next to the roots of certain trees or shrubs. They are only identified with the help of dogs and then hand-picked! The truffles are relatively rare, since their growth is dependent on seasonal and environmental factors.',19.00,110,7,5,5,'4.jpg','',174,163,'2016-06-01 19:13:06','2017-01-02 12:09:58',''),(5,'Truffle',2,'Sliced Summer Truffle','The Renaissance Umbrian doctor Alfonso Ceccarelli, who wrote a book about truffles, the Opusculus de tuberis (1564), tells us that the truffle has always been highly appreciated food, especially in the meals of the noble and royal priests. For some, its aroma was a sort of quintessence that caused an ecstatic effect on human beings. The truffles are relatively rare, since their growth is dependent on seasonal factors and environments!',38.50,40,8,5,5,'5.jpg','',222,206,'2016-06-01 19:19:44','2017-01-02 12:09:18',''),(6,'Truffle',2,'Whole Summer Truffle','Whole black truffle, good with  meat, poultry, eggs, pasta, soups, croutons. The truffle is an underground fungus , belonging to the Tuberaceae family and grows naturally in the soil next to the roots of certain trees or shrubs. They are only identified with the help of dogs and hand picked! The truffles are relatively rare, since their growth is dependent on seasonal and environmental factors.',34.50,35,8,5,5,'6.jpg','',154,148,'2016-06-01 19:25:54','2017-01-02 12:09:48',''),(7,'Olives',2,'Truffle Oil Spray','This is an extra virgin olive oil flavored with black truffle. Excellent with loved ones, poultry, eggs, pasta, salads, toasted bread.The truffle is an underground fungus , belonging to the Tuberaceae family and grows naturally in the soil next to the roots of certain trees or shrubs. The truffles are relatively rare, since their growth is dependent on seasonal factors and environments.',19.00,100,16,4,4,'7.jpg','',212,196,'2016-06-01 19:31:22','2017-01-02 17:30:58',''),(8,'Olives',2,'Olive Ascolane ','Stuffed Olives with meat represent a gastronomic specialty of the Ascoli territory (Marche region) and are one of the most representative dishes of the Piceno. The recipe was identified by the famous Benedict Marini of Ascoli Piceno in the year 1800.  To ensure the best quality, the package can be out of the freezer for 12 hrs until delivery. After that it must be kept in the fridge and must be eaten within 3-4 days.',25.50,1000,25,15,3,'8.jpg','',148,137,'2016-06-01 19:51:02','2017-01-02 12:09:44',''),(9,'Olives',2,'Stuffed Olives with truffle','An ancient recipe of Ascoli Piceno, in the Marche region, that adds the truffle filling to stuffed olives. The breading with black bread and squid ink gives the Stuffed Olive with Truffle the appearance of Scorzone Truffle typical product of Ascoli Piceno area. To ensure the best quality, the package can be out of the freezer for 12 hrs until delivery. After that it must be kept in the fridge and must be eaten within 3-4 days.',32.00,1000,25,15,3,'9.jpg','',150,145,'2016-06-01 19:55:15','2017-01-02 12:09:38',''),(10,'Starter',2,'Stuffed Breaded Custard','The fried custard is a traditional dish from the Mache region that is now served in Italy either as a starter, dessert or as a side dish. Marche fried cream is something unique and consists of fried custard, fried olives, artichokes and fried zucchini. The fried custard reminds everyone of a sweet whilst in the region of Marche, this recipe is designed to dull the bitter aftertaste of the stuffed olives all’Ascolana.',19.50,1000,10,10,10,'10.jpg','',166,137,'2016-06-01 19:58:14','2017-01-02 12:11:43',''),(11,'Starter',2,'Breaded  Baby Mozzarella ','Delicious fried Mozarella from the south of Marche region. Very popular starter andsnack!',19.50,1000,25,15,3,'11.jpg','',359,334,'2016-06-01 20:01:28','2017-01-02 12:12:53',''),(12,'Cheese  ',3,'Halloumi Cheese','The Halloumi cheese is produced only in Cyprus and is well known for its unique taste. It is hand made and every piece varies from 300 to 350gr! All ingredients are natural and locally produced. ',12.50,1000,5,12,12,'12.jpg','3.mp4',380,355,'2016-06-02 17:58:30','2017-01-02 12:12:23',''),(13,'Oil',2,'Extra Virgin Olive Oil','It is an edible oil extracted from olives, or the fruit of the olive (Olea europaea). The type virgin is derived from the mechanical pressing of the olives obtained by extraction with single cold pressing. The extra virgin olive oil is a highly digestible food and a source of elements essential to our good health, icluding vitamin E, vitamin K, minerals such as potassium, calcium, sodium, iron, zinc and many other elements with beneficial properties.  ',9.50,175,12,6,3,'13.jpg','',157,146,'2016-06-04 08:49:21','2017-01-02 12:13:44',''),(14,'Fine food',2,'Spreadable Beer Jam (Bull Fake)','With a deep red color and a taste from notes of caramelized​ malts! Born from the curiosity and imagination of a producer of craft beer in the province of Ascoli Piceno, Marche, this spreadable beer is a stimulus to unleash everyone\'s imagination in the kitchen. Keeping the flavors and scents of beer, it has the sweet taste of malt and citrus fruit. Excellent with all kinds of cheese, and very suitable for the preparation of meat dishes, fish and desserts.',8.00,100,9,7,9,'14.jpg','14.mp4',162,148,'2016-06-08 18:08:26','2017-01-02 12:12:59',''),(15,'Fine food',2,'Spreadable Beer Jam (Gipsy)','With a top-fermented red colour as a result from the merger of two different styles of beer, the German Altbier and the special Bitter English beer. This spreadable beer emanates toasted fragnances, caramel and a captivating mix of dried fruit and citrus. The notes of malt and caramel blend harmoniously with citrus resins. Excellent with all kinds of cheese, and very suitable for the preparation of meat dishes, fish and desserts.',8.00,100,9,7,9,'15.jpg','15.mp4',275,244,'2016-06-08 18:28:40','2017-01-02 12:13:24',''),(16,'Fine food',2,'Spreadable Beer Jam (Joker)','With a Light amber/orange, colour, this jam contains American and New Zealand hops that gives it aromas of citrus (grapefruit), resins, floral notes, tropical fruit (kiwi, passion fruit, mango) and hints of herbs.The moderate malt aroma, and the intense aroma of bitterness is well balanced.​ Initially sweet and fruity taste which evolves​ immediately to a bitter herbal taste!',8.00,100,9,7,9,'16.jpg','2.mp4',169,155,'2016-06-08 18:43:04','2017-01-02 12:13:09',''),(17,'Jam',1,'Crataegus Azarolus Jam','Crataegus azarolus is a species of hawthorn known by the common names azarole, azerole, and Mediterranean medlar. It is native to the Mediterranean Basin and is a common plant there, growing on sites comparable to those the European common hawthorn grows on. In the Arabic-speaking countries it is the commonest of the hawthorn species; in the Arabic language the term \"common hawthorn\" means the azarole hawthorn. When growing in the wild the azerole bears plentiful crops of haw fruits, which are s',2.00,110,9,7,9,'17.jpg','',154,146,'2016-06-20 19:54:04','2017-01-02 12:13:19',''),(18,'Sweets',1,'Kiofteria ','Kiofteria refers to one of the traditional Cyprus sweets of dried grape-juice jelly.',3.00,500,5,15,10,'18.jpg','',133,125,'2016-06-21 14:16:24','2017-01-02 12:11:59',''),(19,'Jam',1,'Citrus Jam (bergamot , mandarin orange , bitter orange) ','Fresh Marmalade made from summer citrus fruits hand picked locally. ',4.30,400,14,5,5,'19.jpg','',127,121,'2016-06-21 15:02:35','2017-01-02 12:10:28',''),(20,'Jam',1,'Strawberry Jam ','Fresh Strawberry jam with no added sugar. Strawberries are hand picked from local fields.',4.30,400,14,5,5,'20.jpg','',129,125,'2016-06-21 15:07:28','2017-01-02 12:11:04',''),(21,'Jam',1,'Apricot jam ','Fresh jam made from the rare and delicious apricot and no added sugar. Locally sourced and homemade!',4.30,400,14,5,5,'21.jpg','',164,149,'2016-06-21 15:14:12','2017-01-02 12:11:28',''),(22,'Jam',1,'Quince jam ','Fresh jam made from the rare and delicious quince fruit and no added sugar. Locally sourced and homemade!',3.80,240,9,5,5,'22.jpg','',116,110,'2016-06-21 15:17:59','2017-01-02 12:12:08',''),(23,'Syrup',1,'Grape Syrup ','Before the wide availability of cheap cane sugar, common sweeteners in Greek cooking were grape syrup, carob syrup, and honey.Grape syrup is used in deserts when cooking and also as a sweet topping for some foods. From late August until the beginning of December, dark crunchy and fragrant grape syrup cookies, moustokouloura (Greek: μουστοκούλουρα), are made. Most Greek bakeries sell moustokoúloura, and each baker has its own recipe for the cookies, that can be either small and hard, or l',5.00,650,20,5,5,'23.jpg','',126,120,'2016-06-21 15:24:21','2017-01-02 12:11:34',''),(24,'Spoon Sweets',1,'Traditional Walnut spoon sweet','Karydaki, which means small (or young) walnut, is one of the best Greek traditional spoon sweets.   The spoon sweet is made with baby green walnuts  in Spring, when the outer shell has not become hard.   The procedure for making it is a bit labour intensive  but it is worth while!',7.00,700,15,7,7,'24.jpg','',176,163,'2016-06-21 15:33:54','2017-01-02 12:10:44',''),(25,'Spoon Sweets',1,'Traditional Tomato Spoon Sweet','Traditional Greek welcome treat with sweet tomatoes picked in August. Fresh fruit only without any artificial flavorings or preservatives! It can be tasted with intense flavor cheeses',7.00,700,20,7,7,'25.jpg','',115,110,'2016-06-21 15:48:16','2017-01-02 12:11:08',''),(26,'Spoon Sweets',1,'Traditional Baby Eggplant Spoon Sweet ','Fresh baby eggplants in a traditional recipe, homemade with local ingredients. No additives or preservatives!',7.00,700,15,7,7,'26.jpg','',115,109,'2016-06-21 16:13:40','2017-01-02 12:12:33',''),(27,'Spoon Sweets',1,'Traditional Quince Spoon Sweet ','Fresh quince in a traditional recipe, homemade with local ingredients. No additives or preservatives!',7.00,700,15,7,7,'27.jpg','',134,126,'2016-06-21 16:36:29','2017-01-02 12:12:13',''),(28,'Spoon sweets',1,'Traditional Cherry Spoon Sweet .','Fresh cherry in a traditional recipe, homemade with local ingredients. No additives or preservatives!',7.00,700,15,7,7,'28.jpg','',131,124,'2016-06-21 16:41:12','2017-01-02 12:13:03',''),(29,'Spoon Sweets',1,'Traditional Pomelo Spoon Sweet ','Fresh pomelo fruit in a traditional recipe, homemade with local ingredients. No additives or preservatives!',7.00,700,15,7,7,'29.jpg','',113,106,'2016-06-21 16:44:09','2017-01-02 12:13:38',''),(30,'Spoon Sweets',1,'Traditional Bitter Orange Spoon Sweet ','Fresh bitter orange fruit in a traditional recipe, homemade with local ingredients. No additives or preservatives!',7.00,700,15,7,7,'30.jpg','',118,110,'2016-06-21 16:47:06','2017-01-02 12:10:24',''),(31,'Sweets',1,'Portos','Traditional natural energy booster!',3.50,240,9,5,5,'31.jpg','',113,105,'2016-06-21 16:52:02','2017-01-02 12:11:39',''),(32,'Sweets',1,'Portos ','Traditional natural energy booster!',2.00,110,5,5,6,'32.jpg','',109,103,'2016-06-21 16:54:36','2017-01-02 12:11:18',''),(33,'Jam',1,'Azeroles Jam ','Fresh jam made from the rare and delicious azeroles and no added sugar. Locally sourced and homemade!',4.00,400,14,5,5,'33.jpg','',120,114,'2016-06-21 16:59:21','2017-01-02 12:11:14',''),(34,'Jam',1,'Quince jam ','Fresh jam made from the rare and delicious quince fruit and no added sugar. Locally sourced and homemade!',4.30,400,14,5,5,'34.jpg','',125,117,'2016-06-21 17:17:57','2017-01-02 12:10:33',''),(35,'Syrup',1,'Azeroles Grape Syrup','Natural syrup without preservatives or additives!',3.50,100,10,4,5,'35.jpg','',135,127,'2016-06-21 17:29:58','2017-01-02 12:10:08',''),(36,'Spoon Sweets',1,'Traditional Walnut Spoon Sweet (vacuum) ','Karydaki, which means small (or young) walnut, is one of the best Greek traditional spoon sweets. The spoon sweet is made with baby green walnuts in Spring, when the outer shell has not become hard. The procedure for making it is a bit labour intensive but it is worth while!',5.00,400,5,10,12,'36.jpg','',140,130,'2016-06-21 17:39:02','2017-01-02 12:10:49',''),(37,'Spoon Sweets',1,'Traditional Bitter Orange Spoon Sweet  (vacuum)','Fresh bitter orange fruit in a traditional recipe, homemade with local ingredients. No additives or preservatives!',5.00,400,5,10,12,'37.jpg','',126,119,'2016-06-21 17:46:37','2017-01-02 12:10:38',''),(38,'Spoon Sweets',1,'Traditional Pomelo Spoon Sweet  (vacuum)','Fresh pomelo fruit in a traditional recipe, homemade with local ingredients. No additives or preservatives!',5.00,400,5,10,12,'38.jpg','',119,102,'2016-06-21 17:52:07','2017-01-02 12:12:03',''),(39,'Spoon Sweets',1,'Traditional Grape Spoon Sweet (vacuum)','Fresh grapes in a traditional recipe, homemade with local ingredients. No additives or preservatives!',5.00,400,5,10,12,'39.jpg','',117,113,'2016-06-21 17:56:36','2017-01-02 12:11:24',''),(40,'Spoon Sweets',1,'Traditional Pumpkin Spoon Sweet  (vacuum)','Fresh pumpkin in a traditional recipe, homemade with local ingredients. No additives or preservatives!',5.00,400,5,10,12,'40.jpg','',136,128,'2016-06-21 18:01:54','2017-01-02 12:12:39',''),(41,'Spoon Sweets',1,'Traditional Pergamot Spoon Sweet ','Fresh pergamot fruit in a traditional recipe, homemade with local ingredients. No additives or preservatives!',7.00,700,15,7,7,'41.jpg','',113,107,'2016-06-21 18:05:48','2017-01-02 12:10:58',''),(42,'Jam',1,'Gift Box - 2pcs of Jam and 1pc of Portos (110gr. each)','Great gift of authentic Cypriot flavours',6.00,330,10,15,7,'42.jpg','',132,125,'2016-06-21 18:09:59','2017-01-02 14:15:13',''),(43,'Spoon Sweets',1,'Traditional Watermelon Spoon Sweet ','Fresh watermelon fruit in a traditional recipe, homemade with local ingredients. No additives or preservatives!',7.00,700,14,5,5,'43.jpg','',107,101,'2016-06-21 18:12:41','2017-01-02 12:11:53',''),(44,'Pastry',4,'Cypriot Pretzel (glystarka)','It can be considered to be the most favorable product of the football fans since it  can be found in football stadiums. It is made up using traditional flavored dough.  Although, it has an important historical background, since at the old times they used  to give out the glystarka as treat with the wedding invitations! ',3.50,500,5,5,15,'44.jpg','',98,93,'2016-07-11 18:23:33','2016-12-30 08:47:12',''),(45,'Honey',7,'Polyflora Honey','Cypriot Honey, also known as \"gold\" is given to us by nature. It is not just a simple food, especially for children, it is a medicine! It contains powerful antioxidants such as vitamin C, chrysin, catalase, caffeic acid and even has antibacterial effects. Usually, the darker honey (Thyme honey) has better quality antioxidants while the lighter (flower honey) is probably tastier. Our honey is 100% natural and it is extracted from our own beehives with the traditional methods from our families.',10.00,1000,17,7,4,'45.jpg','',40,35,'2016-07-28 17:59:05','2017-01-01 23:32:56',''),(46,'Meals',5,'Orecchiette Con Cime Di Rapa','\"Orecchiette with broccoli tips\"originates from Bari in the Puglia region. The typical ingredients used in the Pugliese region are olive oil, wheat, vegetables and seafood. This cooking style is common in most of the southern regions of Italy, where handmade pasta is custom (made with durum wheat semolina and water, without eggs) and usually served with vegetables. The name of the dish is due to the peculiar shape of the pasta, tiny ears (orecchiette). ',15.00,600,8,29,12,'46.jpg','',43,38,'2016-07-31 06:07:51','2017-01-02 11:05:15',''),(47,'Meals',5,'Spaghetti Cacio E Pepe','“Cacio e Pepe” is one of the oldest and humblest recipes from the province of Rome. The entire central Italian diet is strongly connected to its rural heritage: the countryside and the animal farming. The shepherds of those times, during their long journeys away from home, would take with them chunks of pecorino cheese, pepper and a dried hand made pasta, made just with water, flour and salt. These goods were long-lasting and would also provide a great deal of fat and nutrients.',15.00,600,8,29,12,'47.jpg','47.mp4',93,86,'2016-07-31 06:39:39','2017-01-01 16:14:29',''),(48,'Honey',7,'Polyflora Honey','Cypriot Honey, also known as \"gold\" is given to us by nature. It is not just a simple food, especially for children, it is a medicine! It contains powerful antioxidants such as vitamin C, chrysin, catalase, caffeic acid and even has antibacterial effects. Usually, the darker honey (Thyme honey) has better quality antioxidants while the lighter (flower honey) is probably tastier. Our honey is 100% natural and it is extracted from our own beehives with the traditional methods from our families.',6.00,500,12,6,4,'48.jpg','',44,36,'2016-08-10 17:12:38','2016-12-29 18:45:32',''),(49,'Traditional Sweets',6,'Panettone tradizionale','It’s the result of years of traditions and the willing to innovate what we already love. By using our knowledge of great primary products; we created something that’s never seen before. Our panettone is the point where elegance and taste meet and create something unice. What makes our panettone the best is the use of lievito madre extraxted from the antique and raffinato wine Mamertino. Giulio Cesare recieved this wine as a gift from his third triumvirate and he loved it that much that he reques',17.00,1000,15,15,15,'49.jpg','',41,40,'2016-09-06 17:33:25','2017-01-02 12:12:18',''),(50,'Traditional Sweets',6,'Panettone with pistachio','Our panettone is made by only using 100% sicilian pistachio. You\'ll find also a jar filled with pistachio, to better enjoy our panettone.',25.00,1000,20,15,15,'50.jpg','',191,170,'2016-09-06 17:39:01','2017-01-02 12:10:14',''),(51,'Traditional Sweets',6,'Pignolata al Pistacchio e Limone','Pignolata is a typical messinese\'s sweet. It\'s a fried biscuit covered with lemon and pistachio glass.',18.00,1000,10,20,10,'51.jpg','',46,45,'2016-09-06 17:47:19','2017-01-02 12:13:34',''),(52,'Traditional Sweets',6,'Pignolata Cioccolato e Limone','Pignolata is a typical messinese\'s sweet. It\'s a fried biscuit covered with chocolate and lemon glass.',8.00,1000,10,15,15,'52.jpg','',42,39,'2016-09-06 17:48:30','2017-01-02 12:13:28',''),(53,'Boxes',1,'Jam Delight Box','A selection of home made jams with different fruits for all the family! Ideal for breakfasts with your loved ones or for gifts. Fruit include Apricot,  Azeroles, Citrus Jam (bergamot , mandarin orange , bitter orange), Quince, Strawberry.',20.00,2500,8,23,15,'53.jpg','',57,53,'2016-09-28 10:35:08','2017-01-02 12:10:53',''),(54,'Boxes',1,'Grape Paradise','A selection of different products made from pure grape juice. Products include sousoukos with almonds, sousoukos with walnut and kiofteria. Ideal for dessert and a healthy snack.',20.00,1000,8,23,15,'54.jpg','',118,99,'2016-09-28 10:39:11','2017-01-02 12:12:49',''),(55,'Traditional Sweets',6,'Chocolate Panettone ','Our panettone is so soft you wish you could lay on it. Hancrafted in every step of the production. Chocolate with chocolate chips inside. \r\n\r\nIngredients:Wheat flour,butter, Chocolate, egg yolk, honey, sugar, natural yeast, milk, cocoa, salt, butter, vanilla, natural flavoring.',12.00,500,12,12,12,'55.jpg','',63,60,'2016-10-01 07:50:44','2017-01-02 12:13:54',''),(56,'Traditional Sweets',6,'Berry Mix Panettone','Soft as our other panettoni, with a strong note of berries. Filled with choosen fruits. Ingredients: Wheat flour,butter, berry’s mix, egg yolk, honey, salt, sugar, natural yeast, milk, cocoa butter,vanilla, natural flavoring, white chocolate.',25.00,1000,20,20,20,'56.jpg','',45,43,'2016-10-01 07:56:16','2017-01-02 12:13:48',''),(57,'Traditional Sweets',10,'Pourekia Anaris','Anari cheese (RICOTTA CHEESE), cinnamon, incased in a light pastry topped with icing sugar',12.50,1000,15,15,15,'57.jpg','',19,18,'2016-10-12 09:26:56','2016-12-29 16:20:19',''),(58,'Traditional Snacks',10,'Savoury Meat Doughnuts (\"Koupes\") ','Koupes is a street food we find in Cyprus and are served as a snack,  finger party food or as part of a  mezes dish. Its crust is made of bulgur wheat, flour, oil, salt and egg (optional) and stuffed with ground meat, lots of onions, parsley and spices.\r\n\r\nINGREDIENTS:\r\n\r\nGroats, Onions, Minced Meat Pork 10%, Vegetable Oil, Flour, Breadcrumbs, Parsley, Salt, Pepper, Cinnamon, Starch.',12.50,1000,15,15,15,'58.jpg','',46,39,'2016-10-12 09:34:42','2017-01-02 07:05:05',''),(59,'Honey',7,'Polyflora Honey (Raw) ','The value of honey has been recognized by man from ancient times: ancient peoples used honey in everyday life. It has been proven that honey is the greatest natural sweetener, with considerable nutritional and therapeutic value. It is an excellent source of carbohydrates, vitamins and minerals; it is at the same time, fat- and cholesterol-free. It is rich in antioxidants, and long-term consumption of honey is of inestimable value to human health. However, honey’s value is not only nutritional. F',11.00,1000,15,5,5,'59.jpg','',31,29,'2016-10-13 08:45:08','2017-01-01 18:33:49',''),(60,'Fine food',12,'Sea salt with black truffle','Sea salt with black truffle . Ideal to flavor pasta , risotto , meat fillets ,carpaccio of meat, eggs , cheese , salads , potatoes and vegetables in general .',5.00,40,3,5,5,'60.jpg','',35,18,'2016-10-17 12:34:11','2016-12-29 16:20:00','cabin'),(61,'Fine food',12,'Quality White truffle (Tuber magnatum pico o bianco D\'Alba)','The QUALITY WHITE TRUFFLE is the KING of all TRUFFLES – its the preeminent of truffle. In years the QUALITY WHITE TRUFFLE has found worldwide successes on tables due to its characteristics that marks it from all the other types of truffles. Mainly known as “Tartufo d’Alba” in grows in different regions of central Italy. Its shape varies depending on the soil where it develops. It can be irregular and globous if the tuber comes from hard soil, while they can be more roundish if coming from sandy ',135.00,50,5,5,5,'61.jpg','',23,16,'2016-10-17 12:39:04','2016-12-29 16:20:24','cabin'),(63,'Fine food',12,' Chopped Black Truffle ','Ingredients : summer black truffle minimum 70%, extra virgin olive oil minimum 29%, salt, spices.Product of high quality processed during the harvest months of black truffle (June – August), when truffle reaches the best of its aromatic properties.Artisan made according to hygienic sanitary standards.CHOPPED BLACK TRUFFLE can be used for the preparation of bruschettes and open sandwiches. Great on pasta and for filling of ricotta tortelli',15.00,90,10,5,10,'63.jpg','',21,19,'2016-10-17 12:48:50','2017-01-02 12:36:45',''),(64,'Fine food',12,'Quality White truffle (Tuber magnatum pico)','The QUALITY WHITE TRUFFLE is the KING of all TRUFFLES – its the preeminent of truffle. In years the QUALITY WHITE TRUFFLE has found worldwide successes on tables due to its characteristics that marks it from all the other types of truffles. Mainly known as “Tartufo d’Alba” in grows in different regions of central Italy. Its shape varies depending on the soil where it develops. It can be irregular and globous if the tuber comes from hard soil, while they can be more roundish if coming from sandy ',134.00,50,5,5,5,'64.jpg','',21,16,'2016-10-17 13:00:21','2016-12-29 16:20:25','cabin'),(65,'Fine food',12,'Black truffle \"Hamate\"','This truffle is quite similar to the “scorzone” but in the same time different. Its maturation period is different and it is harvest in altitude preferably in cool humid areas, and it doesn’t tolerate summer dryness. Harvest in clay soil broad-leaved woods. In order to enhance its intense perfume, it must be used raw. It can be sliced or grated on various plates such as: appetizers, first and main courses, meat stock. It can be used in numerous ways but simplicity enhance its characteristics.',75.00,100,5,5,5,'65.png','',14,12,'2016-10-17 13:03:05','2016-12-29 16:20:17',''),(66,'Gifts',12,'Gift Box Slices black truffle',' BLACK TRUFFLE SLICES BOX GIFT 2JAR (90+90)grIngredients : summer black truffle (tuber aestivum cittadini) minimum 70%, extra virgin olive oil  (coming from the province of Chieti in Abruzzo) minimum 29%, salt, spices.Product of high quality processed during the harvest months of black truffle (June – August), when truffle reaches the best of its aromatic properties.',34.00,200,15,10,5,'66.jpg','',14,12,'2016-10-17 13:05:53','2016-12-29 16:20:09',''),(68,'Spices',11,'Wild Oregano','Very much appreciated among our products is evergreen oregano that spontaneously grows on our hills. With its aroma bouquet and a gently spiced taste it’s a perfect match with our olive oil.',6.50,20,10,3,5,'67.jpg','',14,12,'2016-11-09 18:39:04','2016-12-30 04:48:24','cabin'),(69,'Oil',11,'Extra-virgin olive oil','Colline Saracene premium extra virgin olive oil is made of the olives we pick from our olive trees. We supervise squeezing phase in the local oil mill, bottling then the produce in our bottling facility. Our farm is consortia-ted to IGP Sicily, a quality label recognized by EU institutions.',14.50,1000,15,5,5,'69.jpg','',15,13,'2016-11-09 18:49:48','2016-12-29 16:20:08','checkin'),(70,'Sauce',15,'Tomato Sauce','Passata di Pomodoro Rustica is an artisanal tomato puree enriched with fresh basil, keeping intact the taste of Salento’s tomato.  It is ideal with first courses or as an ingredient for a tasty pizza.',3.00,500,25,5,25,'70.png','',16,13,'2016-11-12 20:31:51','2016-12-29 16:20:11','checkin'),(71,'Fine food',15,'Sunny Zucchini in olive oil','Sunny Zucchini are grown in open field in Salento, then hand-picked. Ripen in the sun and seasoned with aromatic herbs, they are preserved in extra virgin olive oil. Their appetizing taste makes them ideal as a starter or accompanied with cheeses, cured meats and other vegetables.',5.60,230,6,4,6,'71.png','',16,14,'2016-11-12 20:47:33','2016-12-29 16:20:29','checkin'),(72,'Fine food',15,'Celline Olives in extra virgin olive oil','Celline Olives are grown in open field in Salento, then hand-picked. Ripen in the sun and seasoned with aromatic herbs, they are preserved in extra virgin olive oil. Their appetizing taste makes them ideal as a starter or accompanied with cheeses, cured meats and other vegetables.',3.20,230,6,4,6,'72.png','',10,9,'2016-11-17 09:14:17','2016-12-29 16:19:59','checkin'),(73,'Fine food',15,'Black Olives Paté with extra virgin olive oil','Black Olives are grown in open field in Salento, then hand-picked. Ripen in the sun and seasoned with aromatic herbs, they are preserved in extra virgin olive oil. Appetizing taste of black olives paté makes it ideal as a starter or accompanied with cheeses, cured meats and other vegetables.',5.00,230,6,4,6,'73.png','',8,7,'2016-11-17 09:19:18','2016-12-29 23:22:47','checkin'),(74,'Fine food',15,'Stuffed Cherry Peppers with Mediterranean Tuna in e.v.o.','Cherry Peppers are grown in open field in Salento, then hand-picked. Ripen in the sun and seasoned with aromatic herbs, they are preserved in extra virgin olive oil. Their appetizing taste in combination with Mediterranean tuna makes them ideal as a starter or accompanied with cheeses, cured meats and other vegetables.',8.70,230,6,4,6,'74.png','',8,7,'2016-11-17 09:23:58','2016-12-29 16:20:21','checkin'),(75,'Oil',15,'Delicate Extra Virgin Olive Oil','Extra virgin olive oil with excellent organoleptic properties, produced from olive trees that grow in lower Salento – Puglia, close to Ionic and Adriatic sees.',6.00,250,12,3,12,'75.jpg','',19,12,'2016-11-17 09:27:59','2016-12-29 16:20:15','checkin'),(76,'Oil',15,'Delicate Extra Virgin Olive Oil','Extra virgin olive oil with excellent organoleptic properties, produced from olive trees that grow in lower Salento – Puglia, close to Ionic and Adriatic sees.',13.00,750,20,3,3,'76.jpg','',11,10,'2016-11-17 09:30:01','2016-12-29 16:20:26','checkin'),(77,'Oil',15,'Delicate Extra Virgin Olive Oil','Extra virgin olive oil with excellent organoleptic properties, produced from olive trees that grow in lower Salento – Puglia, close to Ionic and Adriatic sees.',65.00,5000,40,10,6,'77.jpg','',11,10,'2016-11-17 09:35:54','2016-12-29 16:20:25','checkin'),(78,'Oil',15,'Etichetta Nera Nutraceutical Extra Virgin Olive Oil','Extra virgin olive oil medium fruity with excellent organoleptic properties, produced from olive trees that grow in lower Salento – Puglia, close to Ionic and Adriatic sees.This oil is to be considered “nutraceutical”, with antioxidant properties, anti-free radicals and rich in polyphenols, it contributes to the protection of hematic fats from oxidative stress.Positive health effects are yet obtained with 20 grams per day consumption of olive oil.',7.50,250,12,3,3,'78.jpg','',21,15,'2016-11-17 09:40:25','2016-12-29 16:20:14','checkin'),(79,'Oil',15,'Etichetta Nera Nutraceutical Extra Virgin Olive Oil','Extra virgin olive oil medium fruity with excellent organoleptic properties, produced from olive trees that grow in lower Salento – Puglia, close to Ionic and Adriatic sees.This oil is to be considered “nutraceutical”, with antioxidant properties, anti-free radicals and rich in polyphenols, it contributes to the protection of hematic fats from oxidative stress.Positive health effects are yet obtained with 20 grams per day consumption of olive oil.',12.00,750,18,3,3,'79.jpg','',10,9,'2016-11-17 09:41:55','2016-12-29 16:20:12','checkin'),(80,'Oil',15,'Etichetta Nera Nutraceutical Extra Virgin Olive Oil','Extra virgin olive oil medium fruity with excellent organoleptic properties, produced from olive trees that grow in lower Salento – Puglia, close to Ionic and Adriatic sees.This oil is to be considered “nutraceutical”, with antioxidant properties, anti-free radicals and rich in polyphenols, it contributes to the protection of hematic fats from oxidative stress.Positive health effects are yet obtained with 20 grams per day consumption of olive oil.',50.00,3000,30,8,6,'80.jpg','',9,8,'2016-11-17 09:43:41','2016-12-29 16:20:12','checkin'),(81,'Oil',15,'Medium Fruity Extra Virgin Olive Oil','Extra virgin olive oil obtained from local olive varieties Cellina and Ogliarola of Salento, particularly appreciated for their organoleptic properties producing nice fruity  sensations combined with a full harmonic taste.Our olive oils will satisfy the most exigent palates and the lifestyle of people who cares about their cooking ingredients, health and wellness.',6.50,250,12,3,3,'81.jpg','',23,22,'2016-11-17 09:45:35','2016-12-29 16:20:08','checkin'),(82,'Oil',15,'Medium Fruity Extra Virgin Olive Oil	','Extra virgin olive oil obtained from local olive varieties Cellina and Ogliarola of Salento, particularly appreciated for their organoleptic properties producing nice fruity  sensations combined with a full harmonic taste.Our olive oils will satisfy the most exigent palates and the lifestyle of people who cares about their cooking ingredients, health and wellness.',15.00,750,18,3,4,'82.jpg','',17,13,'2016-11-17 09:47:35','2016-12-29 16:20:02','checkin'),(83,'Oil',15,'Medium Fruity Extra Virgin Olive Oil	','Extra virgin olive oil obtained from local olive varieties Cellina and Ogliarola of Salento, particularly appreciated for their organoleptic properties producing nice fruity  sensations combined with a full harmonic taste.Our olive oils will satisfy the most exigent palates and the lifestyle of people who cares about their cooking ingredients, health and wellness.',75.00,5000,40,10,6,'83.jpg','',11,9,'2016-11-17 09:49:05','2016-12-29 16:20:02','checkin'),(84,'Fine food',15,'Sunny Eggplants in extra virgin olive oil','Eggplants are grown in open field in Salento, then hand-picked. Ripen in the sun and seasoned with aromatic herbs, they are preserved in extra virgin olive oil. Their appetizing taste makes them ideal as a starter or accompanied with cheeses, cured meats and other vegetables.',5.60,230,6,3,3,'84.png','',7,6,'2016-11-17 09:51:41','2016-12-29 16:20:05','checkin'),(85,'Fine food',15,'Stuffed Zucchini with Sicily Anchovies in e.v.o.','Sunny Zucchini are grown in open field in Salento, then hand-picked. Ripen in the sun and seasoned with aromatic herbs, they are preserved in extra virgin olive oil. Stuffed Zucchini with Sicily Anchovies have appetizing taste that makes them ideal as a starter or accompanied with cheeses, cured meats and other vegetables.',8.70,230,6,4,4,'85.png','',8,7,'2016-11-17 10:32:52','2016-12-29 16:20:30','checkin'),(86,'Fine food',15,'Turnip Greens in extra virgin olive oil','Turnip Greens are grown in open field in Salento, then hand-picked. Ripen in the sun and seasoned with aromatic herbs, they are preserved in extra virgin olive oil. Their appetizing taste makes them ideal as a starter or accompanied with cheeses, cured meats and other vegetables.\r\n \r\n',5.80,230,6,4,4,'86.png','',11,10,'2016-11-17 10:37:39','2017-01-02 03:34:10','checkin'),(87,'Fine food',15,'Sunny Cherry Tomatoes in extra virgin olive oil','Cherry Tomatoes are grown in open field in Salento, then hand-picked. Ripen in the sun and seasoned with aromatic herbs, they are preserved in extra virgin olive oil. Their appetizing taste makes them ideal as a starter or accompanied with cheeses, cured meats and other vegetables.\r\n ',6.50,230,6,4,4,'87.png','',10,9,'2016-11-17 10:43:05','2017-01-01 23:21:52','checkin'),(88,'Fine food',15,'Sunny Peppers in extra virgin olive oil','Sunny Peppers are grown in open field in Salento, then hand-picked. Ripen in the sun and seasoned with aromatic herbs, they are preserved in extra virgin olive oil. Their appetizing taste makes them ideal as a starter or accompanied with cheeses, cured meats and other vegetables.',7.80,230,6,4,4,'88.png','',15,14,'2016-11-17 10:51:04','2016-12-30 13:32:36','checkin'),(89,'Fine food',15,'Artichokes in extra virgin olive oil','Artichokes are grown in open field in Salento, then hand-picked. Ripen in the sun and seasoned with aromatic herbs, they are preserved in extra virgin olive oil. Their appetizing taste makes them ideal as a starter or accompanied with cheeses, cured meats and other vegetables.\r\n ',8.00,230,6,4,4,'89.png','',9,8,'2016-11-17 10:54:58','2016-12-29 16:20:26','checkin'),(90,'Fine food',15,'Stuffed Peppers with Mediterranean Tuna in e.v.o.','Peppers are grown in open field in Salento, then hand-picked. Ripen in the sun and seasoned with aromatic herbs, they are preserved in extra virgin olive oil. Peppers stuffed with Mediterranean Tuna have the appetizing taste that makes them ideal as a starter or accompanied with cheeses, cured meats and other vegetables.',9.80,230,6,4,4,'90.png','',10,9,'2016-11-17 11:05:28','2017-01-01 15:25:35','checkin'),(91,'Fine food',15,'Stuffed Cherry Peppers with Sicily Anchovies in e.v.o.','Cherry Peppers are grown in open field in Salento, then hand-picked. Ripen in the sun and seasoned with aromatic herbs, they are preserved in extra virgin olive oil. Stuffed Cherry Peppers with Sicily Anchovies have appetizing taste which makes them ideal as a starter or accompanied with cheeses, cured meats and other vegetables.\r\n ',8.70,230,6,4,4,'91.jpg','',12,11,'2016-11-17 11:09:44','2016-12-29 16:20:19','checkin'),(93,'Fine food',16,'Caviar Blanc','Its taste is a fruit form our own secret (a family recipe) that allowed us to discover a little more of the world eating experience maintaining a 100% natural product, that has its origin from the French escargot eggs (Helix Aspersa Maximum) and that after they are collected pass on through an hard selection and cleaning treatment, very similar to process the applied in the traditional Caviar (from sturgeon eggs). We control 100% of the production processes from the production/growth.',42.00,28,6,4,4,'92.jpg','',39,33,'2016-12-08 10:49:37','2016-12-29 16:20:07','cabin'),(94,'Jam',13,'Blueberry Jam','One of the most popular jams, our blueberry jam is obtained with the addition of brown sugar. Thanks to the special production process, we find in the jam all the flavor and color of freshly picked blueberries. The tasting of our jam will make you feel as you are in a forest on high mountains, eating blueberry freshly cut.',5.50,150,5,5,5,'94.jpg','',10,9,'2016-12-09 07:49:14','2016-12-29 16:20:34','checkin'),(95,'Jam',13,'Blueberry Jam','One of the most popular jams, our blueberry jam is obtained with the addition of brown sugar. Thanks to the special production process, we find in the jam all the flavor and color of freshly picked blueberries. The tasting of our jam will make you feel as you are in a forest on high mountains, eating blueberry freshly cut.',8.00,260,6,4,4,'95.jpg','',11,10,'2016-12-09 07:51:43','2016-12-29 16:20:25','checkin'),(96,'Jam',13,'Strawberry jam','Our jams are obtained by adding just a small amount of brown sugar to strawberries. The special vacuum cooking ensures full maintenance of fresh fruits organoleptic characteristics.Tasting our jams will seem to taste a fresh strawberry in the middle of winter.',5.50,150,4,4,4,'96.jpg','',10,9,'2016-12-09 07:54:12','2016-12-31 07:22:41','checkin'),(97,'Jam',13,'Strawberry jam','Our jams are obtained by adding just a small amount of brown sugar to strawberries. The special vacuum cooking ensures full maintenance of fresh fruits organoleptic characteristics.Tasting our jams will seem to taste a fresh strawberry in the middle of winter.',8.00,260,6,4,4,'97.jpg','',9,8,'2016-12-09 07:56:24','2016-12-31 05:45:32','checkin'),(98,'Jam',13,'Blackberry jam','The particular taste and characteristic of this jam is reserved for enthusiasts and connoisseurs. The intense aroma that you smell when opening the jar brings immediately your mind to the undergrowth and to all its scents. Thanks to the addition of a bit of sugar and vacuum cooking, The sweet and intense blackberry fresh taste is always preserved in our jam. ',5.50,150,4,4,4,'98.jpg','',9,8,'2016-12-09 08:03:08','2016-12-29 16:20:34','checkin'),(99,'Jam',13,'Blackberry jam','The particular taste and characteristic of this jam is reserved for enthusiasts and connoisseurs. The intense aroma that you smell when opening the jar brings immediately your mind to the undergrowth and to all its scents. Thanks to the addition of a bit of sugar and vacuum cooking, The sweet and intense blackberry fresh taste is always preserved in our jam. ',8.00,260,6,4,4,'99.jpg','',10,9,'2016-12-09 08:04:51','2016-12-29 16:20:31','checkin'),(100,'Jam',13,'Raspberry jam','The first thing that strikes you is the deep ruby red color of this jam. When tasting the jam, you can sense immediately is obtained by adding just a little brown sugar: all the raspeberry’s fresh fruits features are perfectly untouched. Thanks to vacuum cooking we can guarantee a very high quality of our jam. ',5.50,150,4,4,4,'100.jpg','',11,10,'2016-12-09 08:10:35','2016-12-31 08:58:52','checkin'),(101,'Jam',13,'Raspberry jam','The first thing that strikes you is the deep ruby red color of this jam. When tasting the jam, you can sense immediately is obtained by adding just a little brown sugar: all the raspeberry’s fresh fruits features are perfectly untouched. Thanks to vacuum cooking we can guarantee a very high quality of our jam. ',8.00,260,6,4,4,'101.jpg','',15,14,'2016-12-09 08:13:22','2016-12-31 13:53:11','checkin'),(102,'Juice',13,'Strawberry juice','Our juices are obtained by adding to strawberries only a small amount of brown sugar. The special vacuum cooking ensures full maintenance of all the organoleptic characteristics of the fresh fruit that are found to the eye and to the taste of the juice. The sweet taste and intense strawberry will definitely appreciate the product. The strawberry has many health benefits : it has a very high antioxidant power and a rich content of vitamin C, calcium, iron and magnesium. The strawberry also has a ',4.00,200,8,3,8,'102.jpg','',10,9,'2016-12-09 08:25:57','2016-12-29 16:20:29','checkin'),(103,'Juice',13,'Raspberry juice','One of the most beloved juices, our cranberry juice is obtained with the addition of sugar cane. Thanks to the special production process in the juice you \'ll find all the flavor and color of freshly picked blueberries . Besides being a tasty and refreshing drink, cranberry juice also has good properties. The presents of antioxidant substances, such as anthocyanins which reduces the formation of free radicals responsible for cellular aging. Bilberry is useful for circulatory problems and fragile',4.00,200,8,3,8,'103.jpg','',10,8,'2016-12-09 08:27:41','2016-12-29 16:20:35','checkin'),(104,'Juice',13,'Blackberry juice','The particular taste and characteristic of this juice will surely leave you amazed. You will experience the sweet taste and intense blackberry fresh. The purple color makes this particular juice and unmistakable. Blackberries, like other dark fruits, are rich in anthocyanins and flavonoids, powerful antioxidants. In addition to this important aspect blackberries have purifying, diuretic, anti-rheumatic and refreshing.',4.00,200,8,3,8,'104.jpg','',10,8,'2016-12-09 08:29:27','2016-12-31 07:07:12','checkin'),(105,'Juice',13,'Blueberry juice','One of the most beloved juices, our cranberry juice is obtained with the addition of sugar cane. Thanks to the special production process in the juice you \'ll find all the flavor and color of freshly picked blueberries. Besides being a tasty and refreshing drink, cranberry juice also has good properties. The presents of antioxidant substances, such as anthocyanins which reduces the formation of free radicals responsible for cellular aging. Bilberry is useful for circulatory problems and fragile ',4.00,200,8,3,8,'105.jpg','',12,10,'2016-12-09 08:31:02','2016-12-29 16:20:32','checkin'),(106,'Oil',9,'Feudotto Nocellara del Belice   ','The oil is an ideal decided monovarietale Feudotto Nocellara of Belice to enhance meat, fish and legumes in general.',6.50,500,20,4,20,'106.jpg','',17,12,'2016-12-11 12:32:38','2016-12-29 16:20:15','checkin'),(107,'Oil',9,'Feudotto Nocellara del Belice   ','The oil is an ideal decided monovarietale Feudotto Nocellara of Belice to enhance meat, fish and legumes in general.',38.00,5000,35,6,10,'107.jpg','',11,10,'2016-12-11 12:37:05','2017-01-02 12:36:16','checkin'),(108,'Oil',9,'Feudotto Nocellara del Belice   ','The oil is an ideal decided monovarietale Feudotto Nocellara of Belice to enhance meat, fish and legumes in general.',24.00,3000,25,6,6,'108.png','',9,8,'2016-12-11 12:38:53','2016-12-29 16:19:57','checkin'),(109,'Oil',9,'Feudotto Cerasuola  ','The single variety Feudotto Cerasuola is a fruity oil, bitter and medium intensely spicy. Rich in polyphenols, can be more bitter degl\'altri.',6.50,500,15,4,4,'109.jpg','',14,11,'2016-12-11 12:41:41','2016-12-29 16:20:14','checkin'),(110,'Oil',9,'Feudotto Cerasuola  ','The single variety Feudotto Cerasuola is a fruity oil, bitter and medium intensely spicy. Rich in polyphenols, can be more bitter degl\'altri.',38.00,5000,35,10,10,'110.jpg','',11,10,'2016-12-11 12:43:13','2016-12-29 16:20:27','checkin'),(111,'Oil',9,'Feudotto Cerasuola  ','The single variety Feudotto Cerasuola is a fruity oil, bitter and medium intensely spicy. Rich in polyphenols, can be more bitter degl\'altri.',24.00,3000,25,6,6,'111.png','',9,8,'2016-12-11 12:44:35','2016-12-29 16:20:31','checkin'),(112,'Oil',9,'Feudotto Biancolilla ','The single variety Feudotto Biancolilla is a delicate oil, almost sweet. Particularly suitable for fish-based dishes.',6.50,500,20,4,4,'112.jpg','',13,11,'2016-12-11 12:48:53','2016-12-31 06:51:52','checkin'),(113,'Oil',9,'Feudotto Biancolilla ','The single variety Feudotto Biancolilla is a delicate oil, almost sweet. Particularly suitable for fish-based dishes.',24.00,3000,25,10,10,'113.png','',9,8,'2016-12-11 12:50:07','2016-12-29 16:20:39','checkin'),(114,'Oil',9,'Feudotto Biancolilla ','The single variety Feudotto Biancolilla is a delicate oil, almost sweet. Particularly suitable for fish-based dishes.',38.00,5000,35,10,10,'114.jpg','',12,11,'2016-12-11 12:50:55','2016-12-31 07:48:12','checkin'),(115,'Oil',9,'Feudotto Blend ','The Feudotto Blend is a versatile oil, ideal to dress every dish.',5.90,500,15,4,4,'115.jpg','',11,10,'2016-12-11 12:53:14','2016-12-29 16:20:12','checkin'),(116,'Oil',9,'Feudotto Blend ','The Feudotto Blend is a versatile oil, ideal to dress every dish.',22.00,3000,25,6,6,'116.png','',8,7,'2016-12-11 12:54:58','2016-12-29 16:19:58','checkin'),(117,'Oil',9,'Feudotto Blend ','The Feudotto Blend is a versatile oil, ideal to dress every dish.',35.00,5000,35,10,10,'117.jpg','',11,10,'2016-12-11 12:56:08','2016-12-29 16:20:33','checkin'),(118,'Oil',9,'Feudotto Bio    ','Extra virgin organic olive oil.',7.50,500,15,4,4,'118.jpg','',12,10,'2016-12-11 12:58:21','2017-01-02 12:47:50','checkin'),(119,'Oil',9,'Feudotto Bio    ','Extra virgin organic olive oil.',40.00,5000,35,10,10,'119.jpg','',11,10,'2016-12-11 13:07:39','2016-12-29 16:20:03','checkin'),(120,'Oil',9,'Feudotto Bio    ','Extra virgin organic olive oil.',25.00,3000,25,6,6,'120.png','',8,7,'2016-12-11 13:34:58','2016-12-29 16:19:55','checkin'),(121,'Oil',9,'Feudotto Dop Val di Mazara  ','The Feudotto DOP Val di Mazara oil is a fruity, velvety with sweet aftertaste.\r\nThe nose a harmonious bouquet of fresh leaves of mint and basil.\r\n',7.50,500,15,4,4,'121.jpg','',9,8,'2016-12-11 13:45:50','2016-12-29 16:20:29','checkin'),(122,'Oil',9,'Feudotto Dop Val di Mazara  ','The Feudotto DOP Val di Mazara oil is a fruity, velvety with sweet aftertaste.\r\nThe nose a harmonious bouquet of fresh leaves of mint and basil.\r\n',25.00,3000,25,6,6,'122.png','',10,9,'2016-12-11 13:47:20','2017-01-01 15:25:35','checkin'),(123,'Oil',9,'Feudotto Dop Val di Mazara  ','The Feudotto DOP Val di Mazara oil is a fruity, velvety with sweet aftertaste.The nose a harmonious bouquet of fresh leaves of mint and basil.',40.00,5000,35,10,10,'123.jpg','',10,9,'2016-12-11 13:48:26','2016-12-29 16:20:34','checkin'),(124,'Vinegar',18,'Organic Wild Apple Vinegar','It takes 250 days to prepare this Organic Wild Apple vinegar in completely natural conditions without added sugar, water or preservative. Only for oral use.',1.50,250,15,4,3,'124.png','',8,7,'2016-12-11 14:38:23','2016-12-29 16:19:53','checkin'),(125,'Vinegar',18,'Wild Apple Vinegar','Fermentation period is 250 days with minimal bitterness of 4%.',1.50,250,15,4,3,'125.jpg','',8,7,'2016-12-11 14:43:20','2016-12-29 16:20:09','checkin'),(126,'Boxes',13,'Gift Jam Box (2 jars x 150gr)','Elegant boxes of balsa wood wrapped in colorful and elegant strings of wool: Perfect for an original and special. Compose your Black Box as you like, choosing from jams in size of 150gr and 260gr.',15.00,320,8,6,4,'126.jpg','',14,10,'2016-12-13 10:55:20','2017-01-02 10:28:38','checkin'),(127,'Boxes',13,'Gift Jam Box (3 jars x 150gr)','Elegant boxes of balsa wood wrapped in colorful and elegant strings of wool: Perfect for an original and special. Compose your Black Box as you like, choosing from jams in sizes from 150gr or 260gr.\r\n',22.00,470,8,10,6,'127.jpg','',30,27,'2016-12-13 11:02:47','2016-12-31 07:43:01','checkin'),(128,'Boxes',13,'Gift Jam Box (4 jars x 150gr)','Elegant boxes of balsa wood wrapped in colorful and elegant strings of wool: Perfect for an original and special. Compose your Black Box as you like, choosing from jams in sizes from 150gr or 260gr.',28.00,620,6,12,8,'128.png','',8,7,'2016-12-13 11:06:22','2016-12-29 16:20:31','cabin'),(129,'Boxes',13,'Gift Jam Box (8 jars x 150gr)','Elegant boxes of balsa wood wrapped in colorful and elegant strings of wool: Perfect for an original and special. Compose your Black Box as you like, choosing from jams in sizes from 150gr or 260gr.',56.00,1220,12,24,16,'129.png','',7,6,'2016-12-13 11:08:46','2017-01-01 04:59:37','checkin'),(130,'Boxes',13,'Gift Jam Box (2 jars x 260gr)','Elegant boxes of balsa wood wrapped in colorful and elegant strings of wool: Perfect for an original and special. Compose your Black Box as you like, choosing from jams in sizes from 150gr or 260gr.',20.00,540,10,4,6,'130.jpg','',9,8,'2016-12-13 11:19:58','2017-01-02 01:10:39','checkin'),(131,'Boxes',13,'Gift Jam Box (3 jars x 260gr)','Elegant boxes of balsa wood wrapped in colorful and elegant strings of wool: Perfect for an original and special. Compose your Black Box as you like, choosing from jams in sizes from 150gr or 260gr.',28.00,800,10,8,6,'131.jpg','',6,5,'2016-12-13 11:22:07','2016-12-29 16:20:16','checkin'),(132,'Boxes',13,'Gift Jam Box (4 jars x 260gr)','Elegant boxes of balsa wood wrapped in colorful and elegant strings of wool: Perfect for an original and special. Compose your Black Box as you like, choosing from jams in sizes from 150gr or 260gr.',38.00,1060,12,6,8,'132.png','',8,7,'2016-12-13 11:24:44','2016-12-31 04:39:33','checkin'),(133,'Flour',14,'Annette’s Specialty Dough Low-Carb Ready Mix Flour',' We have got the healthiest baking solution for you; with our low carb flour, baking has never been healthier. Starting today, all of your baking can be high in protein and low on carbs. Start low carb baking today with our low carb flour mix and feel completely guilt free about indulging in the cake you make. ',6.50,500,15,6,8,'133.jpg','',9,8,'2016-12-13 13:16:17','2016-12-31 04:29:11','cabin'),(134,'Pasta',14,'Annette’s Signature LowCarbohydrate Fusilli Pasta','Fettuccine, fusilli, penne and all the others pastas that you crave are now available for you to order, cook and EAT without feeling the guilt of high carbohydrates consumption. Amongst our other low carb products, we offer you the best low carb pasta you can get your hands on. What are you waiting for? Order now and invite your family and friends for an Italian feast! ',6.00,350,16,4,6,'134.jpg','',9,8,'2016-12-13 13:20:18','2017-01-01 04:59:37','cabin'),(135,'Pastry',14,'Annette\'s Low Carbohydrate White Toast','This low carb sugar free toast will make your breakfast favorite meal a day again!',5.00,175,15,4,3,'135.png','',6,5,'2016-12-13 13:23:02','2016-12-31 08:18:41','cabin'),(136,'Pastry',14,'Annette\'s Low Carbohydrate Brown Toast','Just Spread and Eat from Breakfast to Dinner and Everything in Betweeen! The Only toasts with low glycemic index in the market',5.00,175,15,4,3,'136.png','',6,5,'2016-12-13 13:25:28','2016-12-29 16:20:39','cabin'),(137,'Snack',14,'Annette\'s Low Carbohydrate Crunchy Bites Chipotle Chili','Say goodbye to unhealthy snacking! Our low carb & high protein crunchies are guaranteed to satisfy your cravings. High in protein and low on carbohydrates, this crispy, crunchy, and  guilt free snack can definitely become your best friend in times of cravings! Now available in different flavors to match your taste. Make the right choice and replace the occasional bag of crisps with these munchies instead, which also makes a healthy low carb snack dish for sharing! ',1.50,35,10,3,1,'137.png','',7,6,'2016-12-13 13:28:20','2016-12-29 16:20:08','cabin'),(138,'Snack',14,'Annette\'s Low Carb Crunchy Bites Herbs and Onion','Say goodbye to unhealthy snacking! Our low carb & high protein crunchies are guaranteed to satisfy your cravings. High in protein and low on carbohydrates, this crispy, crunchy, and  guilt free snack can definitely become your best friend in times of cravings! Now available in different flavors to match your taste. Make the right choice and replace the occasional bag of crisps with these munchies instead, which also makes a healthy low carb snack dish for sharing! ',1.50,35,10,3,1,'138.png','',6,5,'2016-12-13 13:30:46','2016-12-31 17:05:07','cabin'),(139,'Snack',14,'Annette\'s Low Carb Crunchy Bites Parmesan Cheese and Garlic','Say goodbye to unhealthy snacking! Our low carb & high protein crunchies are guaranteed to satisfy your cravings. High in protein and low on carbohydrates, this crispy, crunchy, and guilt free snack can definitely become your best friend in times of cravings! Now available in different flavors to match your taste. Make the right choice and replace the occasional bag of crisps with these munchies instead, which also makes a healthy low carb snack dish for sharing!',1.50,35,10,3,1,'139.png','',8,7,'2016-12-13 13:32:50','2016-12-31 19:49:05','cabin'),(140,'Snack',14,'Annette\'s Low Carb Crunchy Bites Labneh&Zaatar','Say goodbye to unhealthy snacking! Our low carb & high protein crunchies are guaranteed to satisfy your cravings. High in protein and low on carbohydrates, this crispy, crunchy, and guilt free snack can definitely become your best friend in times of cravings! Now available in different flavors to match your taste. Make the right choice and replace the occasional bag of crisps with these munchies instead, which also makes a healthy low carb snack dish for sharing!',1.50,35,10,3,1,'140.png','',5,4,'2016-12-13 13:34:45','2016-12-29 16:19:55','cabin'),(141,'Sweets',1,'Christmas Cake essentials','Walnut, Quince and Bitter Orange (3x700gr) spoon sweets! We make sure every year to offer you the most fresh and tasty spoon sweets for your Christmas Cake! Don\'t know how to make one? Have a look at this nice recipe http://www.kopiaste.org/2007/12/christmas-cake/ ',19.99,2100,15,15,15,'141.png','',200,188,'2016-12-21 09:20:51','2017-01-02 12:13:58','checkin');
/*!40000 ALTER TABLE `products` ENABLE KEYS */;
UNLOCK TABLES;

--
-- Table structure for table `reject_bid`
--

DROP TABLE IF EXISTS `reject_bid`;
/*!40101 SET @saved_cs_client     = @@character_set_client */;
/*!40101 SET character_set_client = utf8 */;
CREATE TABLE `reject_bid` (
  `id` int(10) unsigned NOT NULL AUTO_INCREMENT,
  `bid_id` int(10) unsigned NOT NULL,
  `reason` varchar(255) COLLATE utf8_unicode_ci NOT NULL,
  `created_at` timestamp NULL DEFAULT NULL,
  `updated_at` timestamp NULL DEFAULT NULL,
  PRIMARY KEY (`id`),
  KEY `reject_bid_bid_id_foreign` (`bid_id`),
  CONSTRAINT `reject_bid_bid_id_foreign` FOREIGN KEY (`bid_id`) REFERENCES `bid` (`id`)
) ENGINE=InnoDB AUTO_INCREMENT=11 DEFAULT CHARSET=utf8 COLLATE=utf8_unicode_ci;
/*!40101 SET character_set_client = @saved_cs_client */;

--
-- Dumping data for table `reject_bid`
--

LOCK TABLES `reject_bid` WRITE;
/*!40000 ALTER TABLE `reject_bid` DISABLE KEYS */;
INSERT INTO `reject_bid` VALUES (1,66,'','2016-09-02 10:03:07','2016-09-02 10:03:07'),(2,68,'','2016-09-02 10:04:05','2016-09-02 10:04:05'),(3,69,'','2016-09-02 10:05:10','2016-09-02 10:05:10'),(4,70,'Less review/profile details','2016-09-02 10:07:48','2016-09-02 10:07:48'),(5,71,'Can\'t this date/time','2016-09-02 10:39:36','2016-09-02 10:39:36'),(6,72,'Less review/profile details','2016-09-08 16:53:14','2016-09-08 16:53:14'),(7,75,'Just Reject','2016-10-15 17:12:59','2016-10-15 17:12:59'),(8,78,'I think is a scum','2016-10-17 11:38:26','2016-10-17 11:38:26'),(9,93,'Too Expensive','2016-11-25 13:31:56','2016-11-25 13:31:56'),(10,94,'Too Expensive','2016-11-30 12:16:42','2016-11-30 12:16:42');
/*!40000 ALTER TABLE `reject_bid` ENABLE KEYS */;
UNLOCK TABLES;

--
-- Table structure for table `report_user`
--

DROP TABLE IF EXISTS `report_user`;
/*!40101 SET @saved_cs_client     = @@character_set_client */;
/*!40101 SET character_set_client = utf8 */;
CREATE TABLE `report_user` (
  `id` int(10) unsigned NOT NULL AUTO_INCREMENT,
  `user_id_from` int(10) unsigned NOT NULL,
  `user_id_to` int(10) unsigned NOT NULL,
  `report_code` tinyint(4) NOT NULL,
  `solution` varchar(255) COLLATE utf8_unicode_ci DEFAULT NULL,
  `created_at` timestamp NULL DEFAULT NULL,
  `updated_at` timestamp NULL DEFAULT NULL,
  PRIMARY KEY (`id`),
  KEY `report_user_user_id_to_foreign` (`user_id_to`),
  KEY `report_user_user_id_from_foreign` (`user_id_from`),
  CONSTRAINT `report_user_user_id_from_foreign` FOREIGN KEY (`user_id_from`) REFERENCES `users` (`id`),
  CONSTRAINT `report_user_user_id_to_foreign` FOREIGN KEY (`user_id_to`) REFERENCES `users` (`id`)
) ENGINE=InnoDB DEFAULT CHARSET=utf8 COLLATE=utf8_unicode_ci;
/*!40101 SET character_set_client = @saved_cs_client */;

--
-- Dumping data for table `report_user`
--

LOCK TABLES `report_user` WRITE;
/*!40000 ALTER TABLE `report_user` DISABLE KEYS */;
/*!40000 ALTER TABLE `report_user` ENABLE KEYS */;
UNLOCK TABLES;

--
-- Table structure for table `report_user_other`
--

DROP TABLE IF EXISTS `report_user_other`;
/*!40101 SET @saved_cs_client     = @@character_set_client */;
/*!40101 SET character_set_client = utf8 */;
CREATE TABLE `report_user_other` (
  `id` int(10) unsigned NOT NULL AUTO_INCREMENT,
  `report_user_id` int(10) unsigned NOT NULL,
  `comment` varchar(255) COLLATE utf8_unicode_ci NOT NULL,
  `created_at` timestamp NULL DEFAULT NULL,
  `updated_at` timestamp NULL DEFAULT NULL,
  PRIMARY KEY (`id`),
  KEY `report_user_other_report_user_id_foreign` (`report_user_id`),
  CONSTRAINT `report_user_other_report_user_id_foreign` FOREIGN KEY (`report_user_id`) REFERENCES `report_user` (`id`)
) ENGINE=InnoDB DEFAULT CHARSET=utf8 COLLATE=utf8_unicode_ci;
/*!40101 SET character_set_client = @saved_cs_client */;

--
-- Dumping data for table `report_user_other`
--

LOCK TABLES `report_user_other` WRITE;
/*!40000 ALTER TABLE `report_user_other` DISABLE KEYS */;
/*!40000 ALTER TABLE `report_user_other` ENABLE KEYS */;
UNLOCK TABLES;

--
-- Table structure for table `request`
--

DROP TABLE IF EXISTS `request`;
/*!40101 SET @saved_cs_client     = @@character_set_client */;
/*!40101 SET character_set_client = utf8 */;
CREATE TABLE `request` (
  `id` int(10) unsigned NOT NULL AUTO_INCREMENT,
  `user_id` int(10) unsigned NOT NULL,
  `product_id` int(10) unsigned NOT NULL,
  `qty` tinyint(4) NOT NULL DEFAULT '1',
  `price` double(10,2) NOT NULL,
  `msg` varchar(255) COLLATE utf8_unicode_ci DEFAULT NULL,
  `until` date NOT NULL,
  `status` varchar(255) COLLATE utf8_unicode_ci NOT NULL DEFAULT 'Open',
  `created_at` timestamp NULL DEFAULT NULL,
  `updated_at` timestamp NULL DEFAULT NULL,
  PRIMARY KEY (`id`),
  KEY `request_product_id_foreign` (`product_id`),
  KEY `request_user_id_foreign` (`user_id`),
  CONSTRAINT `request_product_id_foreign` FOREIGN KEY (`product_id`) REFERENCES `products` (`id`),
  CONSTRAINT `request_user_id_foreign` FOREIGN KEY (`user_id`) REFERENCES `users` (`id`)
) ENGINE=InnoDB AUTO_INCREMENT=118 DEFAULT CHARSET=utf8 COLLATE=utf8_unicode_ci;
/*!40101 SET character_set_client = @saved_cs_client */;

--
-- Dumping data for table `request`
--

LOCK TABLES `request` WRITE;
/*!40000 ALTER TABLE `request` DISABLE KEYS */;
INSERT INTO `request` VALUES (40,4,4,1,19.00,'','2016-06-10','Expired','2016-06-10 03:45:24','2016-06-10 18:04:02'),(41,1,12,2,25.00,'i want this please :)','2016-06-22','Completed','2016-06-10 07:55:40','2016-06-10 12:13:55'),(42,4,14,1,8.00,'','2016-06-13','Cancelled','2016-06-13 16:15:20','2016-06-13 16:15:40'),(43,4,14,1,8.00,'I would like to try this!','2016-06-15','Expired','2016-06-13 16:16:47','2016-06-15 18:04:01'),(44,1,6,3,103.50,'','2016-06-19','Completed','2016-06-14 06:28:55','2016-06-14 17:17:59'),(45,16,10,2,39.00,'','2016-06-14','Completed','2016-06-14 08:23:35','2016-06-14 08:26:54'),(46,16,10,1,19.50,'asdasd','2016-06-14','Completed','2016-06-14 08:29:11','2016-06-14 08:33:33'),(47,1,3,2,23.00,'','2016-06-14','Test','2016-06-14 08:31:42','2016-06-14 08:31:42'),(48,16,10,1,19.50,'fgfgfg','2016-06-14','Completed','2016-06-14 08:37:19','2016-06-14 08:38:05'),(49,36,11,1,19.50,'I can meet anywhere in town center','2016-07-14','Completed','2016-06-20 02:41:04','2016-06-25 15:28:15'),(50,4,20,1,4.30,'','2016-06-23','Expired','2016-06-23 15:33:37','2016-06-23 18:04:02'),(51,11,15,1,8.00,'','2016-07-06','Expired','2016-06-25 08:05:07','2016-07-06 18:04:02'),(52,4,11,1,19.50,'I would really like this product!','2016-06-26','Expired','2016-06-26 07:23:55','2016-06-26 18:04:02'),(53,4,43,2,14.00,'I want this for my guests on Monday!','2016-06-27','Expired','2016-06-26 08:09:41','2016-06-27 18:04:01'),(54,4,43,2,14.00,' My guests would love this tomorrow night!','2016-06-27','Expired','2016-06-26 08:12:23','2016-06-27 18:04:01'),(55,1,10,1,19.50,'','2016-06-27','Cancelled','2016-06-27 17:36:55','2016-06-27 17:43:23'),(56,1,10,1,19.50,'Hello,\r\nI would like to try this. Looks delicious!','2016-07-27','Completed','2016-06-27 17:42:58','2016-07-21 07:08:57'),(57,2,31,1,3.50,'','2016-06-28','Expired','2016-06-27 18:56:17','2016-06-28 18:04:01'),(58,14,15,1,6.00,'I like beer :)','2016-07-29','Completed','2016-07-01 05:31:47','2016-07-20 10:10:37'),(59,36,11,1,14.63,'Eleni will pick up the product.','2016-07-20','Expired','2016-07-16 04:17:46','2016-07-20 18:04:02'),(60,1,15,3,18.00,'','2016-07-16','Cancelled','2016-07-16 06:17:57','2016-07-16 06:18:12'),(61,1,37,1,5.00,'','2016-07-16','Cancelled','2016-07-16 11:21:16','2016-07-16 11:21:50'),(62,1,37,1,5.00,'','2016-07-16','Cancelled','2016-07-16 11:21:34','2016-07-16 11:21:47'),(63,4,42,1,6.00,'Would like to try these!','2016-07-23','Completed','2016-07-16 11:23:51','2016-07-18 08:08:38'),(64,11,16,1,6.00,'','2016-08-19','Completed','2016-07-19 04:19:09','2016-07-19 05:55:46'),(65,36,11,1,14.63,'','2016-07-22','Completed','2016-07-20 19:18:56','2016-07-21 04:04:07'),(66,1,24,1,7.00,'','2016-07-21','Completed','2016-07-21 07:05:36','2016-07-21 07:06:49'),(67,1,39,1,5.00,'','2016-07-21','Completed','2016-07-21 08:44:04','2016-07-21 08:45:37'),(68,88,41,1,7.00,'','2016-07-27','Completed','2016-07-25 06:08:04','2016-07-25 06:49:46'),(69,4,15,1,0.01,'','2016-07-27','Completed','2016-07-25 09:05:16','2016-07-25 09:14:41'),(70,4,1,2,14.00,'I missed this!','2016-08-12','Expired','2016-07-29 17:38:18','2016-08-12 21:00:02'),(71,1,11,1,14.63,'','2016-08-22','Expired','2016-08-02 11:48:33','2016-08-22 21:00:01'),(72,1,13,1,9.50,'','2016-08-30','Expired','2016-08-03 06:08:10','2016-08-30 21:00:01'),(73,4,12,1,12.50,'Best cheese I ever tried!','2016-08-31','Completed','2016-08-16 15:19:57','2016-08-28 13:53:53'),(74,17,1,1,7.00,'','2016-08-25','Expired','2016-08-25 17:37:07','2016-08-25 21:00:01'),(75,4,1,2,14.00,'I really missed this','2016-09-08','Expired','2016-08-31 17:51:22','2016-09-08 21:00:02'),(76,1,47,2,30.00,'','2016-09-30','Completed','2016-09-02 07:00:48','2016-09-09 10:43:58'),(77,4,12,2,25.00,'I want this by next week','2016-09-21','Expired','2016-09-14 15:33:32','2016-09-21 21:00:02'),(78,4,12,1,12.50,'Please bring it tomorrow','2016-09-17','Expired','2016-09-16 07:57:26','2016-09-17 21:00:01'),(79,4,13,3,21.39,'','2016-09-23','Expired','2016-09-20 06:49:40','2016-09-23 21:00:01'),(80,1,47,1,15.00,'I Love Spaghetti!!','2016-10-28','Completed','2016-09-28 07:40:28','2016-10-17 17:45:39'),(81,4,1,2,14.00,'I really missed this, I hope someone can bring it!','2016-10-06','Expired','2016-10-03 09:07:57','2016-10-06 18:10:58'),(82,4,50,1,25.00,'I would love to try this!','2016-10-27','Completed','2016-10-06 17:32:34','2016-10-16 08:33:15'),(83,37,28,1,7.00,'','2016-10-06','Cancelled','2016-10-06 17:32:43','2016-10-06 17:34:08'),(84,91,53,1,20.00,'This looks great, I have to try it!','2016-11-05','Expired','2016-10-06 17:59:12','2016-11-05 22:00:02'),(85,99,44,1,3.50,'','2016-10-31','Expired','2016-10-14 08:34:22','2016-10-31 22:00:02'),(86,18,1,1,7.00,'I miss this!!!','2016-10-14','Expired','2016-10-14 10:53:00','2016-10-14 21:00:02'),(87,78,16,1,6.00,'','2016-10-16','Expired','2016-10-14 10:55:56','2016-10-16 21:00:01'),(88,3,58,1,12.50,'','2016-10-15','Expired','2016-10-14 14:52:01','2016-10-15 21:00:01'),(89,36,20,1,4.30,'Hello, I will be happy to meet you at the train station. If you are interested we can go for a coffee before you leave. Thanks','2016-11-16','Completed','2016-10-16 19:31:33','2016-10-18 19:32:01'),(90,36,44,1,3.50,'MMMM i missed it!','2016-11-16','Completed','2016-10-16 19:33:13','2016-10-18 19:36:50'),(91,4,53,2,40.00,'This looks delicious','2016-11-02','Completed','2016-10-17 11:35:23','2016-10-17 11:48:14'),(92,4,15,1,6.00,'I would like to try this','2016-10-26','Completed','2016-10-17 17:40:50','2016-10-17 17:41:54'),(93,8,21,1,4.30,'I want it now! My wife is pregnant and she will beat the hell out of me if I don\'t manage to find this particular jam!','2016-10-24','Expired','2016-10-18 04:10:11','2016-10-24 21:00:01'),(94,4,58,1,12.50,'','2016-10-24','Expired','2016-10-21 10:58:00','2016-10-24 21:00:01'),(95,1,56,1,25.00,'Looks nice!','2016-10-25','Expired','2016-10-21 17:32:10','2016-10-25 21:00:01'),(96,1,24,1,7.00,'Looks great','2016-11-25','Completed','2016-10-26 08:54:41','2016-11-19 14:48:00'),(97,4,55,1,12.00,'This looks amazing for a family treat','2016-11-12','Expired','2016-10-27 10:37:02','2016-11-12 22:00:02'),(98,4,50,1,25.00,'Please deliver quickly','2016-11-10','Completed','2016-11-03 10:44:12','2016-11-09 21:26:33'),(99,4,51,2,36.00,'Please deliver this quickly','2016-11-10','Expired','2016-11-03 13:40:15','2016-11-10 22:00:02'),(100,4,50,1,25.00,'I would like to try this','2016-11-16','Expired','2016-11-09 10:28:55','2016-11-16 22:00:01'),(101,4,50,1,25.00,'I want this for Sunday Brunch','2016-11-13','Expired','2016-11-09 13:45:40','2016-11-13 22:00:02'),(102,4,56,1,25.00,'i need this by saturday','2016-11-11','Expired','2016-11-09 14:15:21','2016-11-11 22:00:01'),(103,4,1,2,14.00,'I would like to try this','2016-11-18','Expired','2016-11-14 11:31:23','2016-11-18 22:00:01'),(104,122,36,1,5.00,'','2016-11-30','Completed','2016-11-18 22:37:00','2016-11-19 20:37:17'),(105,1,56,1,25.00,'Need it!','2016-11-19','Expired','2016-11-19 14:55:09','2016-11-19 22:00:01'),(106,65,50,1,25.00,'Would love to try this','2016-11-25','Expired','2016-11-21 09:11:33','2016-11-25 22:00:02'),(107,4,1,1,7.00,'','2016-11-25','Expired','2016-11-21 13:40:57','2016-11-25 22:00:02'),(108,65,50,2,50.00,'I would love to share this with my family','2016-11-26','Expired','2016-11-22 12:47:35','2016-11-26 22:00:01'),(109,1,5,1,28.88,'Hello','2016-12-29','Expired','2016-11-30 10:04:35','2016-12-29 22:00:02'),(110,4,1,2,14.00,'I really missed this','2016-12-03','Expired','2016-11-30 12:12:33','2016-12-03 22:00:02'),(111,65,50,1,25.00,'I would love to try this','2016-12-07','Expired','2016-12-03 12:06:03','2016-12-07 22:00:02'),(112,122,36,5,25.00,' 1x Sousoukos\r\n5x traditional Walnut soon sweet (vacuum)\r\nthey are soooo fantastisch, i love there so much\r\nthanks\r\nmartina','2016-12-22','Completed','2016-12-06 00:32:31','2016-12-07 14:24:45'),(113,37,93,2,84.00,'I need this urgent','2016-12-10','Cancelled','2016-12-08 15:55:30','2016-12-08 16:12:54'),(114,4,12,5,62.50,'','2016-12-13','Expired','2016-12-10 07:18:20','2016-12-13 22:00:02'),(115,4,50,1,25.00,'It will be a perfect holiday gift','2017-01-04','Open','2016-12-21 13:06:24','2016-12-21 13:06:24'),(116,4,141,1,19.99,'Christmas Cake :)','2016-12-24','Expired','2016-12-21 18:47:51','2016-12-24 22:00:02'),(117,84,141,1,19.99,'Will this be enough for my cake?','2016-12-24','Expired','2016-12-21 18:52:45','2016-12-24 22:00:02');
/*!40000 ALTER TABLE `request` ENABLE KEYS */;
UNLOCK TABLES;

--
-- Table structure for table `request_places`
--

DROP TABLE IF EXISTS `request_places`;
/*!40101 SET @saved_cs_client     = @@character_set_client */;
/*!40101 SET character_set_client = utf8 */;
CREATE TABLE `request_places` (
  `id` int(10) unsigned NOT NULL AUTO_INCREMENT,
  `request_id` int(10) unsigned NOT NULL,
  `name` varchar(255) COLLATE utf8_unicode_ci NOT NULL,
  `map_x` varchar(255) COLLATE utf8_unicode_ci NOT NULL,
  `map_y` varchar(255) COLLATE utf8_unicode_ci NOT NULL,
  `country` varchar(255) COLLATE utf8_unicode_ci NOT NULL,
  `city` varchar(255) COLLATE utf8_unicode_ci NOT NULL,
  `address` varchar(255) COLLATE utf8_unicode_ci NOT NULL,
  `isClientPlace` tinyint(1) NOT NULL DEFAULT '1',
  `created_at` timestamp NULL DEFAULT NULL,
  `updated_at` timestamp NULL DEFAULT NULL,
  PRIMARY KEY (`id`),
  KEY `request_places_request_id_foreign` (`request_id`),
  CONSTRAINT `request_places_request_id_foreign` FOREIGN KEY (`request_id`) REFERENCES `request` (`id`)
) ENGINE=InnoDB AUTO_INCREMENT=140 DEFAULT CHARSET=utf8 COLLATE=utf8_unicode_ci;
/*!40101 SET character_set_client = @saved_cs_client */;

--
-- Dumping data for table `request_places`
--

LOCK TABLES `request_places` WRITE;
/*!40000 ALTER TABLE `request_places` DISABLE KEYS */;
INSERT INTO `request_places` VALUES (52,40,'Place 1','35.3384275','25.13421089999997','Greece','undefined','Dikeosinis 31, Iraklio 712 02, Greece',1,'2016-06-10 03:45:24','2016-06-10 03:45:24'),(53,41,'My name','43.65250553908352','12.070313394069672','Italy','Toscana','Unnamed Road, 52036 Pieve Santo Stefano AR, Italy',1,'2016-06-10 07:55:40','2016-06-10 07:55:40'),(54,41,'Place 1','','','','','',0,'2016-06-10 08:09:37','2016-06-10 08:09:37'),(55,40,'Place 1','','','','','',0,'2016-06-10 09:24:39','2016-06-10 09:24:39'),(56,40,'Place 1','41.03406330837437','23.986818194389343','Greece','undefined','Unnamed Road, Nea Zichni 620 45, Greece',0,'2016-06-10 17:31:09','2016-06-10 17:31:09'),(57,42,'Place 1','34.7071301','33.022617399999945','Cyprus','Limassol','Evagora Laniti Avenue, Limassol, Cyprus',1,'2016-06-13 16:15:20','2016-06-13 16:15:20'),(58,43,'Place 1','34.65291390000001','32.996751399999994','Cyprus','Limassol','My Mall, Limassol, Cyprus',1,'2016-06-13 16:16:47','2016-06-13 16:16:47'),(59,44,'My Home','35.16712891992768','33.31901548895985','Cyprus','Nicosia','Michail Georgalla, Egkomi, Cyprus',1,'2016-06-14 06:28:55','2016-06-14 06:28:55'),(60,45,'Place 1','46.07323062540838','5.009765625','France','Auvergne Rhône-Alpes','Unnamed Road, 01400 La Chapelle-du-Châtelard, France',1,'2016-06-14 08:23:35','2016-06-14 08:23:35'),(61,46,'Place 1','52.908902047770255','11.689453125','Germany','Sachsen-Anhalt','Unnamed Road, 39615 Krüden, Germany',1,'2016-06-14 08:29:11','2016-06-14 08:29:11'),(62,47,'Place 1','40.12513173115235','-3.6328160762786865','Spain','Comunidad de Madrid','Camino de Molino, 28350 Ciempozuelos, Madrid, Spain',1,'2016-06-14 08:31:42','2016-06-14 08:31:42'),(63,48,'Place 1','28.304380682962783','0.966796875','Algeria','Adrar','Adrar, Algeria',1,'2016-06-14 08:37:19','2016-06-14 08:37:19'),(64,49,'Limassol','34.723194','33.050763200000006','Cyprus','Limassol','Sfalaggiotissis, Agios Athanasios, Cyprus',1,'2016-06-20 02:41:05','2016-06-20 02:41:05'),(65,50,'Place 1','34.67166253619655','33.011038303302485','Cyprus','Limassol','Dikaiosinis, Limassol, Cyprus',1,'2016-06-23 15:33:37','2016-06-23 15:33:37'),(66,51,'Place 1','34.6707298','33.03932269999996','Cyprus','Limasol','Limassol Marina St, Limasol, Cyprus',1,'2016-06-25 08:05:07','2016-06-25 08:05:07'),(67,52,'Place 1','51.542163','-0.09366260000001603','United Kingdom',' Essex Rd','Eric Fletcher Court, Essex Rd, London N1 3PP, UK',1,'2016-06-26 07:23:55','2016-06-26 07:23:55'),(68,53,'Home','51.542163','-0.09366260000001603','United Kingdom',' Essex Rd','Eric Fletcher Court, Essex Rd, London N1 3PP, UK',1,'2016-06-26 08:09:41','2016-06-26 08:09:41'),(69,54,'Home ','51.542163','-0.09366260000001603','United Kingdom',' Essex Rd','Eric Fletcher Court, Essex Rd, London N1 3PP, UK',1,'2016-06-26 08:12:23','2016-06-26 08:12:23'),(70,55,'Place 1','38.676682','-85.80620479999999','USA','Indiana','89-1429 Cyprus, Scottsburg, IN 47170, USA',1,'2016-06-27 17:36:55','2016-06-27 17:36:55'),(71,56,'The Mall of Cyprus','35.13027019994908','33.37074208266131','Cyprus','Nicosia','Verginas, Strovolos, Cyprus',1,'2016-06-27 17:42:58','2016-06-27 17:42:58'),(72,57,'Place 1','35.240117','24.809269099999938','Greece','undefined','Unnamed Road, Anogia 740 51, Greece',1,'2016-06-27 18:56:17','2016-06-27 18:56:17'),(73,58,'Place 1','34.671193898971026','33.04181098937988','Cyprus','Limassol','Kioproulouzate, Limassol, Cyprus',1,'2016-07-01 05:31:47','2016-07-01 05:31:47'),(74,59,'Estias 5','34.723194','33.050763200000006','Cyprus','Limassol','Sfalaggiotissis, Agios Athanasios, Cyprus',1,'2016-07-16 04:17:46','2016-07-16 04:17:46'),(75,60,'Place 1','38.010014693170476','22.939453125','Greece','undefined','Epar.Od. Loutrakiou-Perachora, Loutraki Agii Theodori 203 00, Greece',1,'2016-07-16 06:17:57','2016-07-16 06:17:57'),(76,61,'Place 1','38.28648815557023','21.884765625','Greece','undefined','Psorolithou, Patra 265 04, Greece',1,'2016-07-16 11:21:17','2016-07-16 11:21:17'),(77,62,'Place 1','38.28648815557023','21.884765625','Greece','undefined','Psorolithou, Patra 265 04, Greece',1,'2016-07-16 11:21:34','2016-07-16 11:21:34'),(78,63,'London','51.542163','-0.09366260000001603','United Kingdom',' Essex Rd','Eric Fletcher Court, Essex Rd, London N1 3PP, UK',1,'2016-07-16 11:23:52','2016-07-16 11:23:52'),(79,64,'Place 1','34.6707298','33.03932269999996','Cyprus','Limasol','Limassol Marina St, Limasol, Cyprus',1,'2016-07-19 04:19:09','2016-07-19 04:19:09'),(80,65,'my house','34.7088643697285','33.05807590484619','Cyprus','Limassol','Estias, Agios Athanasios, Cyprus',1,'2016-07-20 19:18:56','2016-07-20 19:18:56'),(81,66,'Place 1','39.78827892116797','18.28125','Italy','Puglia','Via Amerigo Vespucci, 21, 73053 Marina San Gregorio LE, Italy',1,'2016-07-21 07:05:36','2016-07-21 07:05:36'),(82,67,'Place 1','34.99760395114706','32.607421875','Cyprus','Baf','Unnamed Road, Cyprus',1,'2016-07-21 08:44:04','2016-07-21 08:44:04'),(83,68,'Place 1','53.407812745238274','-6.359221457387321','Ireland','Dublin','Ballycoolin Business Park, Ballycoolin Rd, Ballycoolen, Dublin 15, Ireland',1,'2016-07-25 06:08:04','2016-07-25 06:08:04'),(84,69,'London','51.542163','-0.09366260000001603','United Kingdom',' Essex Rd','Eric Fletcher Court, Essex Rd, London N1 3PP, UK',1,'2016-07-25 09:05:16','2016-07-25 09:05:16'),(85,70,'Tube nearby','51.5202076','-0.10481770000001234','United Kingdom','40 Cowcross St','40 Cowcross St, London EC1M 6BY, UK',1,'2016-07-29 17:38:18','2016-07-29 17:38:18'),(86,71,'Home','35.0574301176733','33.3050537109375','Cyprus','Nicosia','Ανναγεννήσεως, Cyprus',1,'2016-08-02 11:48:33','2016-08-02 11:48:33'),(87,72,'Place 1','34.90575506058758','33.22265625','Cyprus','Larnaka','Unnamed Road, Cyprus',1,'2016-08-03 06:08:10','2016-08-03 06:08:10'),(88,73,'Place 1','51.5202076','-0.10481770000001234','United Kingdom','40 Cowcross St','40 Cowcross St, London EC1M 6BY, UK',1,'2016-08-16 15:19:57','2016-08-16 15:19:57'),(89,74,'Place 1','34.7071301','33.022617399999945','Cyprus','Limassol','Evagora Laniti Avenue, Limassol, Cyprus',1,'2016-08-25 17:37:07','2016-08-25 17:37:07'),(90,75,'Home','51.5202076','-0.10481770000001234','United Kingdom','40 Cowcross St','40 Cowcross St, London EC1M 6BY, UK',1,'2016-08-31 17:51:22','2016-08-31 17:51:22'),(91,76,'Nicosia','35.02909669188084','33.20068359375','Cyprus','Nicosia','Ε904, Malounta, Cyprus',1,'2016-09-02 07:00:48','2016-09-02 07:00:48'),(92,76,'Airport','34.8723402','33.62035160000005','Cyprus','Larnaka','Larnaca International Airport (LCA), Larnaka, Cyprus',0,'2016-09-02 07:15:12','2016-09-02 07:15:12'),(93,77,'London','51.542163','-0.09366260000001603','United Kingdom',' Essex Rd','Eric Fletcher Court, Essex Rd, London N1 3PP, UK',1,'2016-09-14 15:33:32','2016-09-14 15:33:32'),(94,78,'Home','51.542163','-0.09366260000001603','United Kingdom',' Essex Rd','Eric Fletcher Court, Essex Rd, London N1 3PP, UK',1,'2016-09-16 07:57:26','2016-09-16 07:57:26'),(95,79,'London','51.542163','-0.09366260000001603','United Kingdom',' Essex Rd','Eric Fletcher Court, Essex Rd, London N1 3PP, UK',1,'2016-09-20 06:49:40','2016-09-20 06:49:40'),(96,80,'Nicosia','35.1059786410736','33.2720947265625','Cyprus','Nicosia','Unnamed Road, Deftera, Cyprus',1,'2016-09-28 07:40:28','2016-09-28 07:40:28'),(97,81,'London','51.542163','-0.09366260000001603','United Kingdom',' Essex Rd','Eric Fletcher Court, Essex Rd, London N1 3PP, UK',1,'2016-10-03 09:07:57','2016-10-03 09:07:57'),(98,82,'Work','51.5196473','-0.07066099999997277','United Kingdom','42-54 Princelet St','42-54 Princelet St, London E1 5LP, UK',1,'2016-10-06 17:32:34','2016-10-06 17:32:34'),(99,83,'My home','44.786568','20.44892159999995','Serbia','undefined','Užička, Beograd, Serbia',1,'2016-10-06 17:32:43','2016-10-06 17:32:43'),(100,84,'Abbey College Manchester','53.48125831608044','-2.243930697441101','United Kingdom','3 Cheapside','3 Cheapside, Manchester M2 4WG, UK',1,'2016-10-06 17:59:12','2016-10-06 17:59:12'),(101,85,'Place 1','35.1325007','33.33912580000003','Cyprus','Nicosia','Tseriou, Strovolos, Cyprus',1,'2016-10-14 08:34:23','2016-10-14 08:34:23'),(102,86,'Bristol City Centre','51.4528095','-2.595911600000022','United Kingdom','marsh house','marsh house, Bristol BS1, UK',1,'2016-10-14 10:53:00','2016-10-14 10:53:00'),(103,87,'Bristol City Center','51.4521226','-2.5986163000000033','United Kingdom','A4','A4, Bristol BS1 5TX, UK',1,'2016-10-14 10:55:56','2016-10-14 10:55:56'),(104,86,'London','44.59046718130883','7.734375','Italy','Piemonte','Strada Provinciale 165, 12045 Fossano CN, Italy',0,'2016-10-14 14:04:43','2016-10-14 14:04:43'),(105,88,'Study Inn','53.4357192066942','-0.966796875','United Kingdom','Coventry','165 Corporation Street',1,'2016-10-14 14:52:01','2016-10-14 14:52:01'),(106,88,'London','51.5175794','-0.0830363000000034','UK','72 Old Broad St','72 Old Broad St, London EC2M, UK',0,'2016-10-14 15:09:52','2016-10-14 15:09:52'),(107,82,'London','53.4357192066942','7.03125','Germany','Niedersachsen','Altendeichweg 1, 26736 Krummhörn, Germany',0,'2016-10-16 08:32:43','2016-10-16 08:32:43'),(108,89,'Liverpool','53.4064039','-2.9771034999999983','United Kingdom',' Hilbre St','Grand Central, Hilbre St, Liverpool L3 5GD, UK',1,'2016-10-16 19:31:33','2016-10-16 19:31:33'),(109,90,'Grand Central','53.4064039','-2.9771034999999983','United Kingdom',' Hilbre St','Grand Central, Hilbre St, Liverpool L3 5GD, UK',1,'2016-10-16 19:33:13','2016-10-16 19:33:13'),(110,90,'Place 1','53.38112899999999','-1.47008500000004','UK','Orchard House','Orchard House, Sheffield S1, UK',0,'2016-10-17 11:34:04','2016-10-17 11:34:04'),(111,91,'Place 1','51.5197773','-0.07066580000002887','United Kingdom','42-54 Princelet St','42-54 Princelet St, London E1 5LP, UK',1,'2016-10-17 11:35:23','2016-10-17 11:35:23'),(112,91,'Barbican','51.5128114','-0.11323289999995723','UK','Essex Hall','Essex Hall, London WC2R, UK',0,'2016-10-17 11:42:02','2016-10-17 11:42:02'),(113,92,'London','51.542163','-0.09366260000001603','United Kingdom',' Essex Rd','Eric Fletcher Court, Essex Rd, London N1 3PP, UK',1,'2016-10-17 17:40:50','2016-10-17 17:40:50'),(114,93,'Place 1','53.38272329999999','-1.4746073000000024','United Kingdom','43-45 Bailey St','43-45 Bailey St, Sheffield S1 4EH, UK',1,'2016-10-18 04:10:11','2016-10-18 04:10:11'),(115,94,'London','51.542163','-0.09366260000001603','United Kingdom',' Essex Rd','Eric Fletcher Court, Essex Rd, London N1 3PP, UK',1,'2016-10-21 10:58:00','2016-10-21 10:58:00'),(116,95,'Place 1','34.88773343115997','33.046875','Cyprus','Limasol','F139, Cyprus',1,'2016-10-21 17:32:10','2016-10-21 17:32:10'),(117,96,'My village','35.074164','33.323360800000046','Cyprus','Nicosia','Γρηγόρη Αυξεντίου, Tseri, Cyprus',1,'2016-10-26 08:54:41','2016-10-26 08:54:41'),(118,97,'My house','34.67166911287531','33.011153308907524','Cyprus','Limassol','Dikaiosinis, Limassol, Cyprus',1,'2016-10-27 10:37:02','2016-10-27 10:37:02'),(119,98,'London','51.542163','-0.09366260000001603','United Kingdom',' Essex Rd','Eric Fletcher Court, Essex Rd, London N1 3PP, UK',1,'2016-11-03 10:44:12','2016-11-03 10:44:12'),(120,99,'London','51.542163','-0.09366260000001603','United Kingdom',' Essex Rd','Eric Fletcher Court, Essex Rd, London N1 3PP, UK',1,'2016-11-03 13:40:15','2016-11-03 13:40:15'),(121,100,'Work place','38.7678015','-9.099136000000044','Portugal','Lisboa','Av. Dom João II MB, 1990-221 Lisboa, Portugal',1,'2016-11-09 10:28:55','2016-11-09 10:28:55'),(122,101,'Home town','56.86186009999999','53.23242849999997','Russia','Udmurtskaja Respublika','ul. Repina, 2, Izhevsk, Udmurtskaja Respublika, Russia, 426035',1,'2016-11-09 13:45:40','2016-11-09 13:45:40'),(123,102,'Home','44.786568','20.44892159999995','Serbia','undefined','Užička, Beograd, Serbia',1,'2016-11-09 14:15:21','2016-11-09 14:15:21'),(124,103,'London','51.542163','-0.09366260000001603','United Kingdom',' Essex Rd','Eric Fletcher Court, Essex Rd, London N1 3PP, UK',1,'2016-11-14 11:31:23','2016-11-14 11:31:23'),(125,104,'my Home','48.35471363524642','16.695098876953125','Österreich','Niederösterreich','Gänserndorferstrasse 33, 2241 Schönkirchen-Reyersdorf, Österreich',1,'2016-11-18 22:37:00','2016-11-18 22:37:00'),(126,105,'Home','34.81741141986203','33.046875','Cyprus','Limasol','Unnamed Road, Cyprus',1,'2016-11-19 14:55:09','2016-11-19 14:55:09'),(127,106,'University','51.5271328','-0.10291029999996226','ВеликаБританија','England','35 Northampton Square, London EC1V 0AX, Велика Британија',1,'2016-11-21 09:11:33','2016-11-21 09:11:33'),(128,107,'Work','51.542163','-0.09366260000001603','United Kingdom',' Essex Rd','Eric Fletcher Court, Essex Rd, London N1 3PP, UK',1,'2016-11-21 13:40:57','2016-11-21 13:40:57'),(129,106,'Place 1','10.660607953624776','23.90625','-','-','-',0,'2016-11-21 13:46:06','2016-11-21 13:46:06'),(130,108,'home','34.6711388','33.01197139999999','Cyprus','Limassol','Omonoias 98, Limassol, Cyprus',1,'2016-11-22 12:47:35','2016-11-22 12:47:35'),(131,109,'Place 1','35.074164','33.323360800000046','Cyprus','Nicosia','Γρηγόρη Αυξεντίου, Tseri, Cyprus',1,'2016-11-30 10:04:35','2016-11-30 10:04:35'),(132,110,'My hotel','60.1773144','24.807171799999992','Finland','undefined','Sokos Hotel Tapiola Garden, Tapionaukio 3, 02100 Espoo, Finland',1,'2016-11-30 12:12:33','2016-11-30 12:12:33'),(133,111,'Home','51.542163','-0.09366260000001603','United Kingdom',' Essex Rd','Eric Fletcher Court, Essex Rd, London N1 3PP, UK',1,'2016-12-03 12:06:03','2016-12-03 12:06:03'),(134,112,'my home','48.35608249374898','16.691322326660156','Österreich','Niederösterreich','Gänserndorferstrasse 33, 2241 Schönkirchen-Reyersdorf, Österreich',1,'2016-12-06 00:32:31','2016-12-06 00:32:31'),(135,113,'home','51.542163','-0.09366260000001603','United Kingdom',' Essex Rd','Eric Fletcher Court, Essex Rd, London N1 3PP, UK',1,'2016-12-08 15:55:30','2016-12-08 15:55:30'),(136,114,'Place 1','16.804541076383455','18.10546875','Chad','Borkou','Borkou, Chad',1,'2016-12-10 07:18:20','2016-12-10 07:18:20'),(137,115,'Offices','34.6659708','33.01482140000007','Cyprus','Limassol','Omonoias 98, Limassol, Cyprus',1,'2016-12-21 13:06:24','2016-12-21 13:06:24'),(138,116,'Offices','34.6659708','33.01482140000007','Cyprus','Limassol','Omonoias 98, Limassol, Cyprus',1,'2016-12-21 18:47:51','2016-12-21 18:47:51'),(139,117,'home','34.67175861501324','33.010826110839844','Cyprus','Limassol','Dikaiosinis, Limassol, Cyprus',1,'2016-12-21 18:52:45','2016-12-21 18:52:45');
/*!40000 ALTER TABLE `request_places` ENABLE KEYS */;
UNLOCK TABLES;

--
-- Table structure for table `stores`
--

DROP TABLE IF EXISTS `stores`;
/*!40101 SET @saved_cs_client     = @@character_set_client */;
/*!40101 SET character_set_client = utf8 */;
CREATE TABLE `stores` (
  `id` int(10) unsigned NOT NULL AUTO_INCREMENT,
  `name` varchar(255) COLLATE utf8_unicode_ci NOT NULL,
  `phone` varchar(255) COLLATE utf8_unicode_ci DEFAULT NULL,
  `address` varchar(255) COLLATE utf8_unicode_ci NOT NULL,
  `zip_code` varchar(255) COLLATE utf8_unicode_ci DEFAULT NULL,
  `country` varchar(255) COLLATE utf8_unicode_ci NOT NULL,
  `city` varchar(255) COLLATE utf8_unicode_ci NOT NULL,
  `map_x` varchar(255) COLLATE utf8_unicode_ci DEFAULT NULL,
  `map_y` varchar(255) COLLATE utf8_unicode_ci DEFAULT NULL,
  `created_at` timestamp NULL DEFAULT NULL,
  `updated_at` timestamp NULL DEFAULT NULL,
  PRIMARY KEY (`id`)
) ENGINE=InnoDB AUTO_INCREMENT=23 DEFAULT CHARSET=utf8 COLLATE=utf8_unicode_ci;
/*!40101 SET character_set_client = @saved_cs_client */;

--
-- Dumping data for table `stores`
--

LOCK TABLES `stores` WRITE;
/*!40000 ALTER TABLE `stores` DISABLE KEYS */;
INSERT INTO `stores` VALUES (1,'Monagri Grape Farm','0035797879760','Doros to Monagri Rd,  Monagri','4746','Cyprus','Limassol','34.8124722','32.911944399999996','2016-05-22 08:46:08','2016-05-22 08:46:08'),(4,'Quality Life Italian Made','+44 (0) 7526 846254','56 Camden Lock Place','NW1 8AF','United Kingdom','London','51.540961','-0.146572','2016-05-31 07:05:53','2016-05-31 07:05:53'),(5,'Halloumi Lygias','0035725573748','Zia Gkiokalmp 8','3010','Cyprus','Limasool','34.665052','33.023223','2016-06-06 07:35:09','2016-06-06 07:35:09'),(6,'Machairas Mountain','00357 99 937 230','Odou','7718','Cyprus','Larnaca','34.896383','33.148699','2016-07-28 17:52:40','2016-07-28 17:52:40'),(7,'TT SNACK POINT','','PIAZZALE IMMACOLATELLA VECCHIA, NO.1','80133 ','Italy','Naples','40.8417231','14.2563459,18','2016-07-31 06:49:48','2016-07-31 06:49:48'),(8,'GALLERIA BACCANALE HOTEL VITTORIA','','PIAZZA PORTA MARINA,  POMPEI  ','80045','Italy','Naples','40.7421047','14.4784359','2016-07-31 06:52:15','2016-08-03 07:52:09'),(9,'Panificio Tre Sorelle','0902931003 ','Viale Europa, 112 - 120','98123','Italy',' Messina','38.1812866','15.5446542','2016-09-06 17:35:27','2016-09-06 17:35:27'),(10,' Panificio Tre Sorelle (no.2)','090621846','SS114 Tremestieri','98125','Italy','Messina ','38.145946','15.5241183','2016-09-06 17:37:17','2016-09-06 17:37:17'),(11,'Wilton Patisserie','0035725 320420','34, Kolonakiou, Linopetra, ','4103','Cyprus','Limassol','34.697268','33.070621','2016-10-12 09:28:46','2016-10-12 09:28:46'),(12,'Machairas Monastery','','Moni Maxaira','','Cyprus','Limassol','34.923875','33.0839015','2016-10-13 06:45:28','2016-10-13 06:45:28'),(13,'Tartufi Profumino','','Via Napoli','9 66050 ','Italy','Carunchio (CH)','41.91578','14.5285193','2016-10-17 12:36:33','2016-10-17 12:36:33'),(14,'Agriturismo Pattina','','c.da Pattina ','98070 ','Italy','Motta d’Affermo (ME)','37.997058','14.2924833','2016-11-09 18:44:45','2016-11-09 18:44:45'),(15,'Terre di Carmen','+39 3296872806','Via Nepole, 1 Morciano di Leuca (LE) ','','Italy','Torre Vado','39.8307245','18.2832376','2016-11-12 20:36:37','2016-11-12 20:36:37'),(16,'Caviar Blanc','965659108','Quinta Janus - EN 125 Bela Mandil','8700-172','Portugal','Olhão','37.0281785','-7.8721259','2016-12-08 10:45:00','2016-12-08 10:45:00'),(17,'La Clementina','+39 02 94 65 762','Strada di Mercandante','20081','Italy','Abbiategrasso','45.3911713','8.8923094','2016-12-09 07:43:31','2016-12-09 07:43:31'),(18,'Providence food','(318) 559-559-4546','409 Charles D. Jones Blvd. Lake Providence','71254','Serbia','Lake Providence','32.807834','-91.1729','2016-12-09 16:45:15','2016-12-09 16:45:15'),(19,'La Goccia d’Oro s.c.a.','+39 0925 74510 ','Contrada Feudotto','92013','Italy','Menfi ','37.634256','12.978999','2016-12-11 12:32:29','2016-12-11 12:32:29'),(20,'Neven Bio Centar',' +381 11 3035450','Beogradska 41','11000','Serbia','Belgrade','44.8031702','20.4668786','2016-12-11 14:22:50','2016-12-11 14:22:50'),(21,'Tref TR','','Cvijićeva 91b','11000','Serbia','Belgrade','44.8095948','20.4784882','2016-12-11 14:24:47','2016-12-11 14:24:47'),(22,'Al Fakhani - Supermarket','+961 1 749 615','Mount Lebanon Governorate','1100','Lebanon',' Beirut','33.8903256,35','4777868','2016-12-13 13:10:52','2016-12-13 13:10:52');
/*!40000 ALTER TABLE `stores` ENABLE KEYS */;
UNLOCK TABLES;

--
-- Table structure for table `subscribers`
--

DROP TABLE IF EXISTS `subscribers`;
/*!40101 SET @saved_cs_client     = @@character_set_client */;
/*!40101 SET character_set_client = utf8 */;
CREATE TABLE `subscribers` (
  `id` int(10) unsigned NOT NULL AUTO_INCREMENT,
  `email` varchar(255) COLLATE utf8_unicode_ci NOT NULL,
  `created_at` timestamp NOT NULL DEFAULT '0000-00-00 00:00:00',
  `updated_at` timestamp NOT NULL DEFAULT '0000-00-00 00:00:00',
  PRIMARY KEY (`id`)
) ENGINE=InnoDB DEFAULT CHARSET=utf8 COLLATE=utf8_unicode_ci;
/*!40101 SET character_set_client = @saved_cs_client */;

--
-- Dumping data for table `subscribers`
--

LOCK TABLES `subscribers` WRITE;
/*!40000 ALTER TABLE `subscribers` DISABLE KEYS */;
/*!40000 ALTER TABLE `subscribers` ENABLE KEYS */;
UNLOCK TABLES;

--
-- Table structure for table `suggestCompany`
--

DROP TABLE IF EXISTS `suggestCompany`;
/*!40101 SET @saved_cs_client     = @@character_set_client */;
/*!40101 SET character_set_client = utf8 */;
CREATE TABLE `suggestCompany` (
  `id` int(10) unsigned NOT NULL AUTO_INCREMENT,
  `company` varchar(80) COLLATE utf8_unicode_ci NOT NULL,
  `country` varchar(80) COLLATE utf8_unicode_ci NOT NULL,
  `address` varchar(127) COLLATE utf8_unicode_ci DEFAULT NULL,
  `website` varchar(80) COLLATE utf8_unicode_ci DEFAULT NULL,
  `products` varchar(1024) COLLATE utf8_unicode_ci NOT NULL,
  `unique` varchar(512) COLLATE utf8_unicode_ci NOT NULL,
  `comment` varchar(255) COLLATE utf8_unicode_ci DEFAULT NULL,
  `name` varchar(80) COLLATE utf8_unicode_ci NOT NULL,
  `email` varchar(80) COLLATE utf8_unicode_ci NOT NULL,
  `phone` varchar(80) COLLATE utf8_unicode_ci DEFAULT NULL,
  `user_id` int(10) unsigned DEFAULT NULL,
  `finished` tinyint(1) NOT NULL DEFAULT '0',
  `assign` int(10) unsigned DEFAULT NULL,
  `created_at` timestamp NULL DEFAULT NULL,
  `updated_at` timestamp NULL DEFAULT NULL,
  PRIMARY KEY (`id`),
  KEY `suggestcompany_assign_foreign` (`assign`),
  KEY `suggestcompany_user_id_foreign` (`user_id`),
  CONSTRAINT `suggestcompany_assign_foreign` FOREIGN KEY (`assign`) REFERENCES `users` (`id`),
  CONSTRAINT `suggestcompany_user_id_foreign` FOREIGN KEY (`user_id`) REFERENCES `users` (`id`)
) ENGINE=InnoDB AUTO_INCREMENT=8 DEFAULT CHARSET=utf8 COLLATE=utf8_unicode_ci;
/*!40101 SET character_set_client = @saved_cs_client */;

--
-- Dumping data for table `suggestCompany`
--

LOCK TABLES `suggestCompany` WRITE;
/*!40000 ALTER TABLE `suggestCompany` DISABLE KEYS */;
INSERT INTO `suggestCompany` VALUES (6,'sdfsd','aeaed',NULL,NULL,'awdawd','adadw',NULL,'adww','awdaddwa@adw.cef',NULL,1,1,NULL,'2016-10-21 17:00:28','2016-12-11 11:53:32'),(7,'Caviar Blanc','Portugal','Quinta Janus BOX 508-A_EN125 Bela mandil','www.caviarblanc.pt','CaviarBlanc D\'Escargot\r\nEscarot Eggs in caviar process','Our product is unique in terms of flavor, texture and presentation. \r\n','It is 100% natural and pure poduct without any transformation. You will have the adictive expirience to eat Caviar form Snail eggs, Enjoy','Altair Joaquim','Info@caviarblanc.pt','965659108',NULL,0,NULL,'2016-11-16 14:41:26','2016-12-08 15:38:04');
/*!40000 ALTER TABLE `suggestCompany` ENABLE KEYS */;
UNLOCK TABLES;

--
-- Table structure for table `suggestProduct`
--

DROP TABLE IF EXISTS `suggestProduct`;
/*!40101 SET @saved_cs_client     = @@character_set_client */;
/*!40101 SET character_set_client = utf8 */;
CREATE TABLE `suggestProduct` (
  `id` int(10) unsigned NOT NULL AUTO_INCREMENT,
  `name` varchar(80) COLLATE utf8_unicode_ci NOT NULL,
  `category` varchar(25) COLLATE utf8_unicode_ci NOT NULL,
  `origin` varchar(80) COLLATE utf8_unicode_ci NOT NULL,
  `pic_url` varchar(255) COLLATE utf8_unicode_ci DEFAULT NULL,
  `producer` varchar(80) COLLATE utf8_unicode_ci DEFAULT NULL,
  `website` varchar(80) COLLATE utf8_unicode_ci DEFAULT NULL,
  `email` varchar(80) COLLATE utf8_unicode_ci DEFAULT NULL,
  `comment` varchar(255) COLLATE utf8_unicode_ci DEFAULT NULL,
  `user_name` varchar(80) COLLATE utf8_unicode_ci NOT NULL,
  `user_email` varchar(80) COLLATE utf8_unicode_ci NOT NULL,
  `user_id` int(10) unsigned DEFAULT NULL,
  `finished` tinyint(1) NOT NULL DEFAULT '0',
  `assign` int(10) unsigned DEFAULT NULL,
  `created_at` timestamp NULL DEFAULT NULL,
  `updated_at` timestamp NULL DEFAULT NULL,
  PRIMARY KEY (`id`),
  KEY `suggestproduct_user_id_foreign` (`user_id`),
  KEY `suggestproduct_assign_foreign` (`assign`),
  CONSTRAINT `suggestproduct_assign_foreign` FOREIGN KEY (`assign`) REFERENCES `users` (`id`),
  CONSTRAINT `suggestproduct_user_id_foreign` FOREIGN KEY (`user_id`) REFERENCES `users` (`id`)
) ENGINE=InnoDB AUTO_INCREMENT=26 DEFAULT CHARSET=utf8 COLLATE=utf8_unicode_ci;
/*!40101 SET character_set_client = @saved_cs_client */;

--
-- Dumping data for table `suggestProduct`
--

LOCK TABLES `suggestProduct` WRITE;
/*!40000 ALTER TABLE `suggestProduct` DISABLE KEYS */;
INSERT INTO `suggestProduct` VALUES (1,'kalles kaviar','food','sweden',NULL,NULL,NULL,NULL,NULL,'Riya','riyashah511@hotmail.com',96,0,NULL,'2016-10-05 12:52:46','2016-10-05 12:52:46'),(13,'kalles kaviar','food','Sweden',NULL,'Abba',NULL,NULL,NULL,'Bianca','bianca@antebox.com',95,1,NULL,'2016-10-10 11:48:47','2016-10-23 17:28:46'),(14,'Miso paste','Japanese miso paste','Japan','/img/suggest/947357.jpg',NULL,NULL,NULL,NULL,'Alex','alexkey89@gmail.com',99,1,NULL,'2016-10-14 08:46:58','2016-10-23 17:29:01'),(15,'Loutza','Food','Cyprus','/img/suggest/439348.JPG',NULL,NULL,NULL,NULL,'Marinos','marinos.miltiadous@gmail.com',18,1,NULL,'2016-10-14 11:00:01','2016-10-23 17:29:16'),(16,'Hiromeri','Snack','Cyprus','/img/suggest/577127.png',NULL,NULL,NULL,'Cut in small pieces','Iphigenia','iphigenia.georgiou24@gmail.com',78,1,NULL,'2016-10-14 11:01:10','2016-10-23 17:29:19'),(17,'Tahinopita','pastries and pies','Cyprus',NULL,'Tahinopita','http://www.sigmabakeries.com',NULL,'Please !!!!','Iphigenia','iphigenia.georgiou24@gmail.com',78,1,NULL,'2016-10-14 11:09:50','2016-10-23 17:29:10'),(18,'Test','Test','Test','/img/suggest/548416.jpg','Christoforos Konstantinidis',NULL,'chris_c2_92@hotmail.com','Test','Chris','chris_c2_92@hotmail.com',4,0,NULL,'2016-10-21 07:36:24','2016-11-12 08:39:42'),(19,'Anari','Food','Cyprus',NULL,NULL,NULL,NULL,NULL,'Ioannis','ioannis93@hotmail.com',35,1,NULL,'2016-10-21 15:39:25','2016-10-23 17:29:13'),(20,'perepechi ','food','udmurtia',NULL,NULL,NULL,NULL,NULL,'Chris','chris_c2_92@hotmail.com',4,0,NULL,'2016-11-09 13:50:49','2016-11-09 13:50:49'),(21,'perepechi udmurtia','food','Russia',NULL,NULL,NULL,NULL,NULL,'Chris','chris_c2_92@hotmail.com',4,0,NULL,'2016-11-10 21:08:01','2016-11-10 21:08:01'),(22,'francesinha porto','food','portugal',NULL,NULL,NULL,NULL,NULL,'Chris','chris_c2_92@hotmail.com',4,0,NULL,'2016-11-10 21:08:46','2016-11-10 21:08:46'),(23,'orlando tomate','food','Spain',NULL,NULL,NULL,NULL,NULL,'Chris','chris_c2_92@hotmail.com',4,0,NULL,'2016-11-10 21:09:57','2016-11-10 21:09:57'),(24,'http://pasteisdebelem.pt/','food','Portugal',NULL,NULL,NULL,NULL,NULL,'Chris','chris_c2_92@hotmail.com',4,0,NULL,'2016-11-10 21:13:02','2016-11-10 21:13:02'),(25,'Nektarios Cassar','Cosmetics','Europe','/img/suggest/843680.jpg','Dr. Bronner\'s  Peppermint Pure-Castile Liquid Soap ','https://www.drbronner.com/DBMS/PEPPERMINT/OLPE32.html','info@drbronner.com',NULL,'Nektarios','nektarioscassar@gmail.com',130,0,NULL,'2016-12-08 14:19:35','2016-12-08 14:19:35');
/*!40000 ALTER TABLE `suggestProduct` ENABLE KEYS */;
UNLOCK TABLES;

--
-- Table structure for table `trip`
--

DROP TABLE IF EXISTS `trip`;
/*!40101 SET @saved_cs_client     = @@character_set_client */;
/*!40101 SET character_set_client = utf8 */;
CREATE TABLE `trip` (
  `id` int(10) unsigned NOT NULL AUTO_INCREMENT,
  `user_id` int(10) unsigned NOT NULL,
  `from_country` varchar(255) COLLATE utf8_unicode_ci NOT NULL,
  `from_city` varchar(255) COLLATE utf8_unicode_ci DEFAULT NULL,
  `to_country` varchar(255) COLLATE utf8_unicode_ci NOT NULL,
  `to_city` varchar(255) COLLATE utf8_unicode_ci DEFAULT NULL,
  `dep` datetime NOT NULL,
  `arr` datetime NOT NULL,
  `status` varchar(255) COLLATE utf8_unicode_ci NOT NULL,
  `created_at` timestamp NULL DEFAULT NULL,
  `updated_at` timestamp NULL DEFAULT NULL,
  PRIMARY KEY (`id`),
  KEY `trip_user_id_foreign` (`user_id`),
  CONSTRAINT `trip_user_id_foreign` FOREIGN KEY (`user_id`) REFERENCES `users` (`id`)
) ENGINE=InnoDB AUTO_INCREMENT=182 DEFAULT CHARSET=utf8 COLLATE=utf8_unicode_ci;
/*!40101 SET character_set_client = @saved_cs_client */;

--
-- Dumping data for table `trip`
--

LOCK TABLES `trip` WRITE;
/*!40000 ALTER TABLE `trip` DISABLE KEYS */;
INSERT INTO `trip` VALUES (1,30,'United Kingdom',NULL,'Spain',NULL,'2016-05-06 00:00:00','2016-05-08 18:20:00','Expired','2016-04-10 14:20:13','2016-05-08 14:27:05'),(2,3,'Italy',NULL,'Cyprus',NULL,'2016-06-01 15:55:00','2016-06-01 20:20:00','Expired','2016-04-10 15:34:02','2016-06-01 14:23:34'),(4,4,'United Kingdom',NULL,'Cyprus',NULL,'2016-05-11 21:12:00','2016-05-11 21:13:00','Expired','2016-04-10 17:13:01','2016-05-12 04:26:05'),(5,31,'India',NULL,'United Kingdom',NULL,'2016-05-09 09:35:00','2016-05-09 15:36:00','Expired','2016-04-10 19:37:14','2016-05-09 14:02:09'),(6,29,'United Kingdom',NULL,'Cyprus',NULL,'2016-04-19 20:25:00','2016-04-20 03:41:00','Expired','2016-04-10 20:43:24','2016-04-20 13:31:55'),(8,36,'Cyprus',NULL,'United Kingdom',NULL,'2016-04-13 23:14:00','2016-04-15 02:15:00','Expired','2016-04-12 04:16:01','2016-04-15 06:50:03'),(9,29,'Cyprus',NULL,'Greece',NULL,'2016-04-25 11:18:00','2016-04-25 13:19:00','Expired','2016-04-12 09:19:33','2016-04-25 14:26:36'),(10,29,'Greece',NULL,'United Kingdom',NULL,'2016-05-03 13:19:00','2016-05-03 16:20:00','Expired','2016-04-12 09:21:04','2016-05-04 04:54:53'),(11,1,'Cyprus',NULL,'Greece',NULL,'2016-04-21 07:50:00','2016-04-21 09:50:00','Expired','2016-04-12 14:48:14','2016-04-21 11:54:50'),(12,1,'Greece',NULL,'Cyprus',NULL,'2016-04-24 17:45:00','2016-04-24 19:35:00','Expired','2016-04-12 16:35:13','2016-04-24 16:22:38'),(13,38,'United Kingdom',NULL,'USA',NULL,'2016-06-27 21:00:00','2016-07-20 21:01:00','Expired','2016-04-12 17:02:06','2016-06-27 18:01:13'),(14,11,'United Kingdom',NULL,'Cyprus',NULL,'2016-05-30 17:24:00','2016-05-30 19:25:00','Expired','2016-04-18 07:25:50','2016-06-01 06:18:48'),(15,4,'United Kingdom',NULL,'Cyprus',NULL,'2016-04-30 11:00:00','2016-04-30 18:00:00','Expired','2016-04-25 16:38:06','2016-05-01 09:21:46'),(16,4,'Cyprus',NULL,'United Kingdom',NULL,'2016-05-02 22:45:00','2016-05-03 01:30:00','Expired','2016-04-25 16:38:57','2016-05-02 21:56:32'),(17,43,'United Kingdom',NULL,'Cyprus',NULL,'2016-04-26 01:44:00','2016-05-22 01:45:00','Expired','2016-04-25 21:45:48','2016-05-22 11:55:24'),(18,49,'United Kingdom',NULL,'France',NULL,'2016-08-10 13:32:00','2016-08-15 13:33:00','Expired','2016-05-04 09:34:00','2016-08-10 09:02:25'),(19,50,'Italy',NULL,'Scotland',NULL,'2016-06-10 11:26:00','2016-06-16 11:27:00','Expired','2016-05-05 06:27:17','2016-06-14 17:00:08'),(20,50,'Italy',NULL,'United Kingdom',NULL,'2016-05-09 11:27:00','2016-05-20 11:28:00','Expired','2016-05-05 06:27:58','2016-05-20 06:44:51'),(21,52,'United Kingdom',NULL,'Cyprus',NULL,'2016-05-21 14:35:00','2016-05-21 21:35:00','Expired','2016-05-05 14:10:07','2016-05-22 11:55:24'),(22,53,'United Kingdom',NULL,'Estonia',NULL,'2016-06-06 20:59:00','2016-06-09 21:00:00','Expired','2016-05-05 17:00:08','2016-06-09 17:35:00'),(23,20,'Cyprus',NULL,'Belgium',NULL,'2016-07-22 19:20:00','2016-07-22 22:40:00','Expired','2016-05-06 15:26:23','2016-07-22 20:00:35'),(24,20,'Belgium',NULL,'Cyprus',NULL,'2016-07-29 13:20:00','2016-07-29 18:50:00','Expired','2016-05-06 15:28:13','2016-07-29 11:53:31'),(42,37,'Serbia',NULL,'Cyprus',NULL,'2016-05-12 00:00:00','2016-05-12 23:59:00','Expired','2016-05-10 14:43:00','2016-05-13 05:32:25'),(43,37,'Cyprus',NULL,'Serbia',NULL,'2016-05-15 00:00:00','2016-05-15 23:59:00','Expired','2016-05-10 14:43:00','2016-05-15 18:00:24'),(44,4,'United Kingdom',NULL,'Serbia',NULL,'2016-06-04 00:00:00','2016-06-04 23:59:00','Expired','2016-05-15 16:51:53','2016-06-05 04:32:44'),(45,4,'Serbia',NULL,'United Kingdom',NULL,'2016-06-07 00:00:00','2016-06-07 23:59:00','Expired','2016-05-15 16:51:54','2016-06-07 18:04:02'),(46,1,'Cyprus',NULL,'Greece',NULL,'2016-05-27 00:00:00','2016-05-27 23:59:00','Expired','2016-05-20 17:45:24','2016-05-28 05:57:55'),(47,1,'Greece',NULL,'Belgium',NULL,'2016-05-27 00:00:00','2016-05-27 23:59:00','Expired','2016-05-20 17:45:24','2016-05-28 05:57:55'),(48,1,'Belgium',NULL,'Greece',NULL,'2016-06-05 00:00:00','2016-06-05 23:59:00','Expired','2016-05-20 17:46:50','2016-06-06 08:18:20'),(49,1,'Greece',NULL,'Cyprus',NULL,'2016-06-05 00:00:00','2016-06-05 23:59:00','Expired','2016-05-20 17:46:50','2016-06-06 08:18:20'),(50,62,'Cyprus',NULL,'Belgium',NULL,'2016-05-27 00:00:00','2016-05-27 23:59:00','Expired','2016-05-23 05:47:53','2016-05-28 05:57:55'),(51,62,'Belgium',NULL,'Cyprus',NULL,'2016-06-05 00:00:00','2016-06-05 23:59:00','Expired','2016-05-23 05:47:53','2016-06-07 18:04:02'),(52,62,'Cyprus',NULL,'Netherlands',NULL,'2016-07-03 00:00:00','2016-07-03 23:59:00','Expired','2016-05-23 05:50:31','2016-07-07 03:57:54'),(53,62,'Netherlands',NULL,'Cyprus',NULL,'2016-07-11 00:00:00','2016-07-11 23:59:00','Expired','2016-05-23 05:50:31','2016-07-11 11:13:56'),(54,16,'Cyprus',NULL,'Belgium',NULL,'2016-07-22 00:00:00','2016-07-22 23:59:00','Expired','2016-05-27 15:17:07','2016-07-22 06:28:28'),(55,16,'Belgium',NULL,'Cyprus',NULL,'2016-07-29 00:00:00','2016-07-29 23:59:00','Expired','2016-05-27 15:17:07','2016-07-29 03:58:32'),(56,10,'United Kingdom',NULL,'Cyprus',NULL,'2016-06-06 00:00:00','2016-06-06 23:59:00','Expired','2016-05-28 09:39:32','2016-06-07 18:04:02'),(58,39,'United Kingdom',NULL,'Cyprus',NULL,'2016-06-30 00:00:00','2016-06-30 23:59:00','Expired','2016-06-09 18:12:18','2016-06-30 04:45:38'),(59,36,'United Kingdom',NULL,'Spain',NULL,'2016-06-13 00:00:00','2016-06-13 23:59:00','Expired','2016-06-09 19:38:52','2016-06-14 06:30:37'),(60,36,'Spain',NULL,'United Kingdom',NULL,'2016-06-18 00:00:00','2016-06-18 23:59:00','Expired','2016-06-09 19:38:52','2016-06-18 13:20:22'),(61,73,'Cyprus',NULL,'Azerbaijan',NULL,'2016-06-19 00:00:00','2016-06-20 23:59:00','Expired','2016-06-10 04:53:41','2016-06-19 06:42:53'),(62,73,'Azerbaijan',NULL,'Cyprus',NULL,'2016-06-24 00:00:00','2016-06-25 23:59:00','Expired','2016-06-10 04:53:41','2016-06-24 15:44:53'),(63,1,'Malta',NULL,'Cyprus',NULL,'2016-06-13 00:00:00','2016-06-13 23:59:00','Expired','2016-06-10 09:51:28','2016-06-14 06:30:37'),(64,4,'United Kingdom',NULL,'Cyprus',NULL,'2016-06-15 00:00:00','2016-06-16 23:59:00','Expired','2016-06-11 05:49:18','2016-06-15 04:23:14'),(65,4,'Cyprus',NULL,'United Kingdom',NULL,'2016-06-19 00:00:00','2016-06-20 23:59:00','Expired','2016-06-11 05:49:18','2016-06-19 06:42:53'),(66,1,'Cyprus',NULL,'Spain',NULL,'2016-06-24 00:00:00','2016-06-24 23:59:00','Expired','2016-06-14 06:32:00','2016-06-24 15:44:53'),(67,1,'Spain',NULL,'Cyprus',NULL,'2016-06-26 00:00:00','2016-06-26 23:59:00','Expired','2016-06-14 06:32:00','2016-06-26 05:33:11'),(68,18,'United Kingdom',NULL,'Cyprus',NULL,'2016-06-18 00:00:00','2016-07-18 23:59:00','Cancelled','2016-06-14 12:20:09','2016-06-14 12:41:18'),(69,78,'United Kingdom',NULL,'Cyprus',NULL,'2016-06-18 00:00:00','2016-06-18 23:59:00','Expired','2016-06-14 12:38:10','2016-06-18 13:20:22'),(70,78,'Cyprus',NULL,'United Kingdom',NULL,'2016-07-05 00:00:00','2016-07-05 23:59:00','Expired','2016-06-14 12:38:10','2016-07-07 03:57:54'),(71,78,'United Kingdom',NULL,'Spain',NULL,'2016-07-09 00:00:00','2016-07-09 23:59:00','Expired','2016-06-14 12:39:24','2016-07-09 06:28:22'),(72,78,'Spain',NULL,'Cyprus',NULL,'2016-07-12 00:00:00','2016-07-12 23:59:00','Expired','2016-06-14 12:39:53','2016-07-11 18:37:48'),(73,18,'United Kingdom',NULL,'Cyprus',NULL,'2016-06-18 00:00:00','2016-06-18 23:59:00','Expired','2016-06-14 12:41:55','2016-06-18 13:20:22'),(74,18,'Cyprus',NULL,'United Kingdom',NULL,'2016-07-18 00:00:00','2016-07-18 23:59:00','Expired','2016-06-14 12:43:19','2016-07-17 18:17:51'),(75,79,'Cyprus',NULL,'United Kingdom',NULL,'2016-07-07 00:00:00','2016-07-07 23:59:00','Expired','2016-06-14 13:04:57','2016-07-07 03:57:54'),(80,36,'United Kingdom',NULL,'Cyprus',NULL,'2016-06-20 23:59:00','2016-06-20 23:59:00','Expired','2016-06-20 02:42:14','2016-06-22 07:18:20'),(81,4,'United Kingdom',NULL,'Cyprus',NULL,'2016-07-21 23:59:00','2016-07-21 23:59:00','Expired','2016-06-24 17:18:00','2016-07-22 06:28:28'),(82,4,'Cyprus',NULL,'United Kingdom',NULL,'2016-07-24 23:59:00','2016-07-24 23:59:00','Expired','2016-06-24 17:18:23','2016-07-25 02:09:20'),(83,11,'Cyprus',NULL,'United Kingdom',NULL,'2016-09-16 23:59:00','2016-09-16 23:59:00','Expired','2016-06-25 07:55:43','2016-09-17 13:23:20'),(84,36,'Cyprus',NULL,'United Kingdom',NULL,'2016-07-19 23:59:00','2016-07-19 23:59:00','Expired','2016-06-25 19:45:43','2016-07-20 06:30:41'),(85,4,'Spain',NULL,'Cyprus',NULL,'2016-06-26 23:59:00','2016-06-26 23:59:00','Expired','2016-06-26 05:33:40','2016-06-27 14:19:06'),(86,4,'Benin',NULL,'Cyprus',NULL,'2016-06-26 23:59:00','2016-06-26 23:59:00','Expired','2016-06-26 07:21:15','2016-06-27 14:19:06'),(87,4,'Australia',NULL,'Cyprus',NULL,'2016-06-29 23:59:00','2016-06-29 23:59:00','Expired','2016-06-26 08:15:03','2016-06-30 04:45:38'),(88,4,'Australia',NULL,'Cyprus',NULL,'2016-06-29 23:59:00','2016-06-29 23:59:00','Expired','2016-06-26 08:16:39','2016-06-30 04:45:38'),(89,37,'Serbia',NULL,'United Kingdom',NULL,'2016-07-02 23:59:00','2016-07-02 23:59:00','Expired','2016-06-27 16:43:13','2016-07-07 03:57:54'),(90,37,'United Kingdom',NULL,'Serbia',NULL,'2016-07-16 23:59:00','2016-07-16 23:59:00','Expired','2016-06-27 16:44:42','2016-07-17 10:17:32'),(91,14,'Germany',NULL,'Cyprus',NULL,'2016-07-29 23:59:00','2016-07-29 23:59:00','Expired','2016-07-01 04:55:24','2016-07-30 08:41:06'),(92,14,'Cyprus',NULL,'Germany',NULL,'2016-08-21 23:59:00','0000-00-00 00:00:00','Expired','2016-07-01 04:55:24','2016-08-21 21:45:55'),(93,59,'Cyprus',NULL,'Cyprus',NULL,'2016-07-03 23:59:00','2016-07-03 23:59:00','Cancelled','2016-07-01 09:07:13','2016-07-01 09:07:20'),(94,59,'Cyprus',NULL,'Cyprus',NULL,'2016-07-03 23:59:00','0000-00-00 00:00:00','Cancelled','2016-07-01 09:07:13','2016-07-01 09:07:21'),(95,36,'United Kingdom',NULL,'Ghana',NULL,'2016-08-27 23:59:00','2016-08-27 23:59:00','Expired','2016-07-07 03:58:44','2016-08-27 20:48:17'),(96,36,'Ghana',NULL,'United Kingdom',NULL,'2016-09-10 23:59:00','0000-00-00 00:00:00','Expired','2016-07-07 03:58:44','2016-09-10 20:13:02'),(97,1,'Cyprus',NULL,'Greece',NULL,'2016-07-12 23:59:00','2016-07-12 23:59:00','Expired','2016-07-10 15:19:53','2016-07-13 06:45:15'),(98,1,'Greece',NULL,'Cyprus',NULL,'2016-07-14 23:59:00','0000-00-00 00:00:00','Expired','2016-07-10 15:19:53','2016-07-14 23:22:44'),(99,4,'United Kingdom',NULL,'Romania',NULL,'2016-07-20 23:59:00','2016-07-20 23:59:00','Expired','2016-07-19 07:49:42','2016-07-20 21:58:26'),(100,4,'Romania',NULL,'Cyprus',NULL,'2016-07-21 23:59:00','2016-07-21 23:59:00','Expired','2016-07-19 07:50:16','2016-07-22 06:28:28'),(101,71,'Cyprus',NULL,'United Kingdom',NULL,'2016-07-27 23:59:00','2016-07-27 23:59:00','Expired','2016-07-21 03:37:13','2016-07-28 06:02:41'),(102,1,'Cyprus',NULL,'Belgium',NULL,'2016-07-29 23:59:00','2016-07-29 23:59:00','Expired','2016-07-23 06:42:04','2016-07-30 08:41:06'),(103,1,'Belgium',NULL,'Cyprus',NULL,'2016-08-01 23:59:00','0000-00-00 00:00:00','Expired','2016-07-23 06:42:04','2016-08-02 05:19:53'),(104,4,'United Kingdom',NULL,'Netherlands',NULL,'2016-09-02 23:59:00','2016-09-02 23:59:00','Expired','2016-07-26 19:02:57','2016-09-03 13:23:36'),(105,4,'Netherlands',NULL,'United Kingdom',NULL,'2016-09-05 23:59:00','0000-00-00 00:00:00','Expired','2016-07-26 19:02:57','2016-09-05 19:16:36'),(106,4,'United Kingdom',NULL,'Cyprus',NULL,'2016-09-09 23:59:00','2016-09-09 23:59:00','Expired','2016-07-26 19:03:56','2016-09-09 20:45:44'),(107,4,'Cyprus',NULL,'United Kingdom',NULL,'2016-09-26 23:59:00','0000-00-00 00:00:00','Expired','2016-07-26 19:03:56','2016-09-26 18:00:33'),(108,37,'Serbia',NULL,'United Kingdom',NULL,'2016-08-02 23:59:00','2016-08-02 23:59:00','Expired','2016-08-01 10:18:16','2016-08-02 20:27:27'),(109,37,'United Kingdom',NULL,'Serbia',NULL,'2016-08-16 23:59:00','0000-00-00 00:00:00','Expired','2016-08-01 10:18:16','2016-08-17 07:37:41'),(110,37,'Serbia',NULL,'Netherlands',NULL,'2016-09-02 23:59:00','2016-09-02 23:59:00','Expired','2016-08-01 10:19:20','2016-09-03 13:23:36'),(111,37,'Netherlands',NULL,'Serbia',NULL,'2016-09-05 23:59:00','0000-00-00 00:00:00','Expired','2016-08-01 10:19:20','2016-09-05 19:16:36'),(112,37,'Serbia',NULL,'Cyprus',NULL,'2016-09-18 23:59:00','2016-09-18 23:59:00','Expired','2016-08-01 10:19:47','2016-09-19 06:12:42'),(113,37,'Cyprus',NULL,'United Kingdom',NULL,'2016-09-25 23:59:00','2016-09-25 23:59:00','Expired','2016-08-01 10:20:13','2016-09-25 18:31:41'),(114,37,'United Kingdom',NULL,'Serbia',NULL,'2016-10-11 23:59:00','2016-10-11 23:59:00','Expired','2016-08-01 10:20:34','2016-10-11 19:51:36'),(115,37,'Serbia',NULL,'United Kingdom',NULL,'2016-11-01 23:59:00','2016-11-01 23:59:00','Expired','2016-08-01 10:21:01','2016-11-02 05:45:01'),(116,37,'United Kingdom',NULL,'Portugal',NULL,'2016-11-07 23:59:00','2016-11-07 23:59:00','Expired','2016-08-01 10:21:59','2016-11-08 06:04:24'),(117,37,'Portugal',NULL,'United Kingdom',NULL,'2016-11-11 23:59:00','0000-00-00 00:00:00','Expired','2016-08-01 10:21:59','2016-11-12 08:49:35'),(118,37,'United Kingdom',NULL,'Serbia',NULL,'2016-11-18 23:59:00','2016-11-18 23:59:00','Expired','2016-08-01 10:22:27','2016-11-18 22:37:56'),(119,8,'United Kingdom',NULL,'Cyprus',NULL,'2017-01-19 23:59:00','2017-01-19 23:59:00','Open','2016-08-07 10:18:21','2016-08-07 10:18:21'),(120,8,'Cyprus',NULL,'United Kingdom',NULL,'2017-01-30 23:59:00','0000-00-00 00:00:00','Open','2016-08-07 10:18:21','2016-08-07 10:18:21'),(121,8,'United Kingdom',NULL,'Poland',NULL,'2016-11-03 23:59:00','2016-11-03 23:59:00','Expired','2016-08-14 10:19:25','2016-11-04 04:03:05'),(122,8,'Poland',NULL,'United Kingdom',NULL,'2016-11-07 23:59:00','0000-00-00 00:00:00','Expired','2016-08-14 10:19:25','2016-11-08 06:04:24'),(123,1,'Cyprus',NULL,'Greece',NULL,'2016-08-18 23:59:00','2016-08-18 23:59:00','Expired','2016-08-17 08:07:26','2016-08-19 09:32:23'),(124,1,'Greece',NULL,'Cyprus',NULL,'2016-08-29 23:59:00','0000-00-00 00:00:00','Expired','2016-08-17 08:07:26','2016-08-29 23:33:17'),(125,1,'Cyprus',NULL,'Greece',NULL,'2016-10-12 23:59:00','2016-10-12 23:59:00','Cancelled','2016-09-01 10:10:06','2016-09-01 10:10:14'),(126,1,'Greece',NULL,'Cyprus',NULL,'2016-10-15 23:59:00','0000-00-00 00:00:00','Cancelled','2016-09-01 10:10:06','2016-09-01 10:10:16'),(127,4,'Cyprus',NULL,'Poland',NULL,'2016-09-11 23:59:00','2016-09-11 23:59:00','Expired','2016-09-09 10:52:48','2016-09-11 20:33:12'),(128,4,'Poland',NULL,'Cyprus',NULL,'2016-09-16 23:59:00','0000-00-00 00:00:00','Expired','2016-09-09 10:52:48','2016-09-17 13:23:20'),(129,37,'Serbia',NULL,'Cyprus',NULL,'2016-10-12 23:59:00','2016-10-12 23:59:00','Expired','2016-09-11 14:32:36','2016-10-12 23:15:39'),(130,37,'Cyprus',NULL,'Serbia',NULL,'2016-10-16 23:59:00','2016-10-16 23:59:00','Expired','2016-09-11 14:32:36','2016-10-16 19:20:20'),(131,18,'United Kingdom',NULL,'Cyprus',NULL,'2016-10-05 23:59:00','2016-10-05 23:59:00','Expired','2016-09-22 16:57:44','2016-10-05 18:19:07'),(132,18,'Cyprus',NULL,'United Kingdom',NULL,'2016-10-08 23:59:00','0000-00-00 00:00:00','Expired','2016-09-22 16:57:44','2016-10-08 23:45:34'),(133,37,'Serbia',NULL,'Romania',NULL,'2016-10-18 23:59:00','2016-10-18 23:59:00','Expired','2016-09-30 06:10:54','2016-10-18 18:44:25'),(134,37,'Romania',NULL,'Serbia',NULL,'2016-10-23 23:59:00','0000-00-00 00:00:00','Expired','2016-09-30 06:10:54','2016-10-24 01:59:48'),(135,37,'Serbia',NULL,'Cyprus',NULL,'2016-11-27 23:59:00','2016-11-27 23:59:00','Expired','2016-09-30 06:12:54','2016-11-27 23:57:45'),(136,37,'Cyprus',NULL,'Finland',NULL,'2016-11-29 23:59:00','2016-11-29 23:59:00','Expired','2016-09-30 06:13:31','2016-11-30 02:48:51'),(137,37,'Finland',NULL,'Cyprus',NULL,'2016-12-02 23:59:00','0000-00-00 00:00:00','Expired','2016-09-30 06:13:31','2016-12-02 20:06:26'),(138,37,'Cyprus',NULL,'Serbia',NULL,'2016-12-04 23:59:00','2016-12-04 23:59:00','Expired','2016-09-30 06:13:55','2016-12-04 21:12:23'),(139,4,'United Kingdom',NULL,'Serbia',NULL,'2016-10-11 23:59:00','2016-10-11 23:59:00','Expired','2016-10-01 08:02:18','2016-10-11 19:51:36'),(140,4,'Serbia',NULL,'Cyprus',NULL,'2016-10-12 23:59:00','2016-10-12 23:59:00','Expired','2016-10-01 08:02:40','2016-10-12 23:15:39'),(141,4,'Cyprus',NULL,'United Kingdom',NULL,'2016-10-16 23:59:00','2016-10-16 23:59:00','Expired','2016-10-01 08:03:02','2016-10-16 19:20:20'),(142,4,'United Kingdom',NULL,'Romania',NULL,'2016-10-18 23:59:00','2016-10-18 23:59:00','Expired','2016-10-01 08:03:36','2016-10-18 18:44:25'),(143,4,'Romania',NULL,'United Kingdom',NULL,'2016-10-23 23:59:00','0000-00-00 00:00:00','Expired','2016-10-01 08:03:36','2016-10-24 01:59:48'),(144,4,'United Kingdom',NULL,'Romania',NULL,'2016-10-25 23:59:00','2016-10-25 23:59:00','Expired','2016-10-01 08:04:02','2016-10-26 00:28:41'),(145,4,'Romania',NULL,'United Kingdom',NULL,'2016-10-27 23:59:00','0000-00-00 00:00:00','Expired','2016-10-01 08:04:02','2016-10-27 18:38:18'),(146,4,'United Kingdom',NULL,'Cyprus',NULL,'2016-11-22 23:59:00','2016-11-22 23:59:00','Expired','2016-10-01 08:04:37','2016-11-22 22:08:59'),(147,4,'Cyprus',NULL,'Finland',NULL,'2016-11-27 23:59:00','2016-11-27 23:59:00','Expired','2016-10-01 08:05:07','2016-11-27 23:57:45'),(148,4,'Finland',NULL,'Cyprus',NULL,'2016-11-30 23:59:00','0000-00-00 00:00:00','Expired','2016-10-01 08:05:07','2016-12-01 01:52:09'),(149,4,'United Kingdom',NULL,'Portugal',NULL,'2016-11-07 23:59:00','2016-11-07 23:59:00','Expired','2016-10-01 08:06:14','2016-11-08 06:04:24'),(150,4,'Portugal',NULL,'United Kingdom',NULL,'2016-11-11 23:59:00','0000-00-00 00:00:00','Expired','2016-10-01 08:06:14','2016-11-12 08:49:35'),(151,1,'Cyprus',NULL,'Greece',NULL,'2016-10-14 23:59:00','2016-10-14 23:59:00','Expired','2016-10-06 17:35:14','2016-10-14 19:08:03'),(152,1,'Greece',NULL,'Cyprus',NULL,'2016-10-16 23:59:00','0000-00-00 00:00:00','Expired','2016-10-06 17:35:14','2016-10-16 19:20:20'),(153,91,'United Kingdom',NULL,'Ireland, Northern',NULL,'2016-12-22 23:59:00','2016-12-22 23:59:00','Expired','2016-10-06 18:05:20','2016-12-22 22:48:27'),(154,91,'Ireland, Northern',NULL,'United Kingdom',NULL,'2017-01-06 23:59:00','0000-00-00 00:00:00','Open','2016-10-06 18:05:20','2016-10-06 18:05:20'),(155,37,'United Kingdom',NULL,'Lebanon',NULL,'2016-11-02 23:59:00','2016-11-02 23:59:00','Expired','2016-10-11 08:06:45','2016-11-02 23:54:46'),(156,37,'Lebanon',NULL,'United Kingdom',NULL,'2016-11-06 23:59:00','0000-00-00 00:00:00','Expired','2016-10-11 08:06:45','2016-11-07 08:13:04'),(157,3,'United Kingdom',NULL,'Cyprus',NULL,'2016-12-14 23:59:00','2016-12-14 23:59:00','Expired','2016-10-14 14:38:51','2016-12-15 11:06:43'),(158,3,'Cyprus',NULL,'United Kingdom',NULL,'2017-01-08 23:59:00','2017-01-08 23:59:00','Open','2016-10-14 14:38:51','2016-10-14 14:39:10'),(159,36,'United Kingdom',NULL,'Poland',NULL,'2016-11-03 23:59:00','2016-11-03 23:59:00','Expired','2016-10-16 19:25:25','2016-11-04 04:03:05'),(160,36,'Poland',NULL,'United Kingdom',NULL,'2016-11-07 23:59:00','0000-00-00 00:00:00','Expired','2016-10-16 19:25:25','2016-11-08 06:04:24'),(161,4,'United Kingdom',NULL,'Lebanon',NULL,'2016-11-02 23:59:00','2016-11-02 23:59:00','Expired','2016-10-17 12:17:20','2016-11-02 23:54:46'),(162,4,'Lebanon',NULL,'United Kingdom',NULL,'2016-11-06 23:59:00','0000-00-00 00:00:00','Expired','2016-10-17 12:17:20','2016-11-07 08:13:04'),(163,101,'Serbia',NULL,'Portugal',NULL,'2016-11-06 23:59:00','2016-11-06 23:59:00','Expired','2016-10-26 08:48:14','2016-11-07 08:13:04'),(164,106,'Sweden',NULL,'Serbia',NULL,'2016-12-14 23:59:00','2016-12-14 23:59:00','Expired','2016-11-05 14:01:31','2016-12-15 11:06:43'),(165,106,'Serbia',NULL,'Sweden',NULL,'2016-12-21 23:59:00','0000-00-00 00:00:00','Expired','2016-11-05 14:01:31','2016-12-21 21:19:55'),(166,106,'Sweden',NULL,'Norway',NULL,'2016-11-19 23:59:00','2016-11-19 23:59:00','Expired','2016-11-05 14:03:22','2016-11-19 23:51:43'),(167,106,'Norway',NULL,'Sweden',NULL,'2016-11-19 23:59:00','0000-00-00 00:00:00','Expired','2016-11-05 14:03:22','2016-11-19 23:51:43'),(168,106,'Sweden',NULL,'Netherlands',NULL,'2016-12-01 23:59:00','2016-12-01 23:59:00','Expired','2016-11-05 14:05:16','2016-12-01 20:19:14'),(169,106,'Netherlands',NULL,'Sweden',NULL,'2016-12-04 23:59:00','0000-00-00 00:00:00','Expired','2016-11-05 14:05:16','2016-12-04 21:12:23'),(170,4,'United Kingdom',NULL,'Cyprus',NULL,'2016-11-15 23:59:00','2016-11-15 23:59:00','Expired','2016-11-12 16:20:32','2016-11-15 20:27:25'),(171,4,'Cyprus',NULL,'United Kingdom',NULL,'2016-11-20 23:59:00','0000-00-00 00:00:00','Expired','2016-11-12 16:20:32','2016-11-20 23:17:02'),(172,4,'United Kingdom',NULL,'Serbia',NULL,'2016-12-06 23:59:00','2016-12-06 23:59:00','Expired','2016-11-12 16:21:14','2016-12-07 11:24:13'),(173,4,'Cyprus',NULL,'United Kingdom',NULL,'2016-12-04 23:59:00','2016-12-04 23:59:00','Expired','2016-11-12 16:21:56','2016-12-04 21:12:23'),(174,85,'Serbia',NULL,'Hungary',NULL,'2016-12-02 23:59:00','2016-12-02 23:59:00','Expired','2016-11-29 15:26:58','2016-12-02 20:06:26'),(175,85,'Hungary',NULL,'Serbia',NULL,'2016-12-02 23:59:00','0000-00-00 00:00:00','Expired','2016-11-29 15:26:58','2016-12-02 20:06:26'),(176,37,'Serbia',NULL,'Cyprus',NULL,'2016-12-11 23:59:00','2016-12-11 23:59:00','Expired','2016-12-08 09:35:09','2016-12-11 23:37:13'),(177,37,'Cyprus',NULL,'Serbia',NULL,'2017-01-04 23:59:00','2017-01-04 23:59:00','Open','2016-12-08 09:35:50','2016-12-08 09:35:50'),(178,37,'Serbia',NULL,'Cyprus',NULL,'2017-01-15 23:59:00','2017-01-15 23:59:00','Open','2016-12-08 09:36:18','2016-12-08 09:36:18'),(179,37,'Cyprus',NULL,'Serbia',NULL,'2017-01-22 23:59:00','0000-00-00 00:00:00','Open','2016-12-08 09:36:18','2016-12-08 09:36:18'),(180,4,'Cyprus',NULL,'United Kingdom',NULL,'2017-01-05 23:59:00','2017-01-05 23:59:00','Open','2016-12-21 07:07:44','2016-12-21 07:07:44'),(181,4,'United Kingdom',NULL,'Cyprus',NULL,'2017-01-13 23:59:00','0000-00-00 00:00:00','Open','2016-12-21 07:07:44','2016-12-21 07:07:44');
/*!40000 ALTER TABLE `trip` ENABLE KEYS */;
UNLOCK TABLES;

--
-- Table structure for table `users`
--

DROP TABLE IF EXISTS `users`;
/*!40101 SET @saved_cs_client     = @@character_set_client */;
/*!40101 SET character_set_client = utf8 */;
CREATE TABLE `users` (
  `id` int(10) unsigned NOT NULL AUTO_INCREMENT,
  `email` varchar(255) COLLATE utf8_unicode_ci NOT NULL,
  `password` varchar(60) COLLATE utf8_unicode_ci NOT NULL,
  `remember_token` varchar(100) COLLATE utf8_unicode_ci DEFAULT NULL,
  `verified` tinyint(1) NOT NULL DEFAULT '0',
  `provider` varchar(255) COLLATE utf8_unicode_ci DEFAULT NULL,
  `provider_id` varchar(255) COLLATE utf8_unicode_ci DEFAULT NULL,
  `created_at` timestamp NOT NULL DEFAULT '0000-00-00 00:00:00',
  `updated_at` timestamp NOT NULL DEFAULT '0000-00-00 00:00:00',
  `first_name` varchar(255) COLLATE utf8_unicode_ci NOT NULL,
  `last_name` varchar(255) COLLATE utf8_unicode_ci NOT NULL,
  `pic_url` varchar(255) COLLATE utf8_unicode_ci NOT NULL DEFAULT 'profile.png',
  `mobile_phone` varchar(255) COLLATE utf8_unicode_ci DEFAULT NULL,
  `description` varchar(255) COLLATE utf8_unicode_ci DEFAULT NULL,
  `sex` varchar(255) COLLATE utf8_unicode_ci DEFAULT NULL,
  `birthday` date NOT NULL DEFAULT '0000-00-00',
  `role` enum('user','admin') COLLATE utf8_unicode_ci NOT NULL DEFAULT 'user',
  PRIMARY KEY (`id`),
  UNIQUE KEY `users_email_unique` (`email`)
) ENGINE=InnoDB AUTO_INCREMENT=134 DEFAULT CHARSET=utf8 COLLATE=utf8_unicode_ci;
/*!40101 SET character_set_client = @saved_cs_client */;

--
-- Dumping data for table `users`
--

LOCK TABLES `users` WRITE;
/*!40000 ALTER TABLE `users` DISABLE KEYS */;
INSERT INTO `users` VALUES (1,'gehenna63@hotmail.com','$2y$10$rhDTxEEj77h74/JlCDzUOOQwaUOhHk8qHmhrxjiHffEurJYVwj06C','Fj7YgdQW8ece1bxZzAduc3LJdzviVqTcNQp4c81EWHKqi8zkLpVr5z0zoIts',1,NULL,NULL,'2016-03-22 22:10:40','2016-11-23 08:38:10','Christos','Demetriou','1.jpg','','So many books, so little time.','Male','0000-00-00','admin'),(2,'perhanid@gmail.com','$2y$10$hQ6VS7uqu3PTpoFcW7.6Mu0fXD9WP8BK/mVlIhIWyGzqpLC3/8CxW','c0MhnCT24cecR3M3E8HrHRyfCWyYvlgnMtAWzhDquXGZYqcHtYci7WYbX51J',1,NULL,NULL,'2016-03-22 22:12:08','2016-06-27 18:56:57','Mike','Mikeman','2.png','','Lorem ipsum dolor sit amet, pri mentitum cotidieque no, natum idque delenit ut sit. Ei ceteros hendrerit vel, quo corpora expetenda adversarium id, ea vel meis quaerendum scribentur.','Male','2016-01-01','admin'),(3,'stavrinoust@hotmail.com','$2y$10$sN9PKrGlgfFUAC6lRX8exe1PZ.6l/Vu9GdYOJJpnp.sjTiGVRdoUS','ea5FaTByfhtABRqlsxNnr1aCKfJbtwd4CUV5GRNkyoWbqF2spm2iiEkiJeFT',1,NULL,NULL,'2016-03-22 23:38:21','2016-10-14 14:45:01','Stavros','Stavrinou','3.jpg','','','Male','1993-05-07','user'),(4,'chris_c2_92@hotmail.com','$2y$10$PZxxWWx8Ct4QUh1We9L4yOH.a9RzQP0TakMpXlvoWpT3sBMHkqCBm','Y70yhuM0e1WlqYe2egboqyPKL0pZD2ouG7mmHoEdf59iqc3e5PSvRilRfGW4',1,'facebook','10209359977742968','2016-03-23 00:40:23','2016-10-16 08:28:57','Chris','Konstantinidis','4.jpg',NULL,NULL,'Male','1992-11-10','admin'),(5,'denachristofidou@hotmail.com','$2y$10$AKygIYrXsZg7TXpEnc6itOcFq3nNV3..bd0T9fkzmoOheK4Hozx4G','Onyh710VEHQGByn8EJAsyRLIpVFpiC224CzocWzR31JG8TRa8r0DWax5OQS1',1,'facebook','10154073392954048','2016-03-23 02:26:25','2016-04-13 07:23:57','Dena','Christofidou','profile.png','','','Female','1992-11-17','user'),(6,'rouaux.clemence@gmail.com','$2y$10$Q/Cw5/FTznQtXvRCoT4pL.fAsIRbVB3bqE0eVE5upPTsLq7LF/GGy',NULL,1,NULL,NULL,'2016-03-23 02:29:17','2016-04-09 17:19:20','Clémence','Rouaux','profile.png',NULL,NULL,'Female','1995-02-22','user'),(7,'soganipriyatam@ymail.com','$2y$10$KcLkjdc8r1lknSgQZWfjfOECT2neuTcRIg3tB6U8qZSfKwv.GLV8u','IDlC6DGBff5inhqj2pqLh0Ou1ffWxmle3j5hvKJQY1ptWT5rncBag2OAoDF5',1,'facebook','1153881204662712','2016-03-23 02:36:21','2016-04-21 11:54:15','Priyatam','Sogani','7.jpg','07447093893','','Male','1995-04-16','user'),(8,'kyriakosso@gmail.com','$2y$10$a0BV/tsuF36mL5R5oSfcwOFvPCBnrYdgceHOU41XlEO3Etssx8YKy','Iwh9vSXTgAbJoZvau67gE0CtwraLUCJVLSKF7MGLoK8j3wBjPqeX896mB90c',1,'facebook','10209020264527527','2016-03-23 02:37:35','2016-10-18 04:06:36','Kyriakos','Sokratous','profile.png','','','male','1992-03-08','user'),(9,'naiodice@hotmail.com','$2y$10$akuHH/xbOGEdlkH7O8rCj.dtvdLYXl.69iSb5ss6iKB7n.mld5jkG',NULL,0,NULL,NULL,'2016-03-23 02:43:49','2016-03-23 02:43:49','Nicholas','Iodice','profile.png',NULL,NULL,NULL,'0000-00-00','user'),(10,'chris-o4@hotmail.com','$2y$10$3H5tf.HeKOlwBdFCYFFyQOdBtgDLFNntwjTgz00l4wYibokFtKrhe','BHuRQwRXimuwJZQcoS0WOAOQnrxnyRU36xz4nduHHZb164rs2zyPPYBHgqhi',1,'facebook','10154103274908060','2016-03-23 03:18:28','2016-03-23 03:19:17','Christos','Odysseos','10.jpg','','','gender','1992-04-22','user'),(11,'c.michaelides1948@gmail.com','$2y$10$3wVINgMCi6hFBOPA9UPzcO3oCmHm7OC5xmINYvQzJo5WpTrFm1Po.','DhNXKEkJY7CpeBZDcC2YaAXGNNMnNNV6M95kZGscjv9ihHQcYcKH0EvN0Lm5',1,'facebook','10206931453739754','2016-03-23 03:28:07','2016-07-21 05:15:16','Costas','Michaelides','profile.png','','','Male','1995-12-16','user'),(12,'ryanlockie@googlemail.com','$2y$10$IEboESkulOEeHAI0YuatLuJ97YSO4ensIitCvz6uhFq53ddOZ9yB2','rEtIeNVhV5sT1UJWrsXghalvj6KCGEUWyBCiprlTBBJBlDlZDKTLMvsiVXT1',1,'facebook','10154041093266100','2016-03-23 03:48:42','2016-06-03 11:36:00','Ryan','Lockie','profile.png','','','','1992-11-04','user'),(13,'mariapavlou3@hotmail.com','$2y$10$kgqQ0BHUYQ76hdsz/WCpxevU4uXxUMeG68t0f8yS2w93WuglywF0m',NULL,0,NULL,NULL,'2016-03-23 10:13:34','2016-03-23 10:14:11','Maria','Polycarpou','profile.png','','','female','1967-02-06','user'),(14,'thoukididesconstantinos@gmail.com','$2y$10$uqnniYKSvBrrezyaukItRuHkq7R8RITtgbRW/chVc/qaCxgcvpuYO','gtXWe75uJh3ccTr07JVmBYqGUEBOXZPJDBc55qyBySiBxtQKUbYgNHrYOBGa',1,'facebook','10154351054129026','2016-03-23 12:49:11','2016-03-23 12:51:41','Constantinos','Thoukidides','14.jpeg','','','male','1992-12-07','user'),(15,'christodouloukaek@hotmail.com','$2y$10$FrS/Ba9Mil52/XU.IZewzOlLM4OZWE7yIMV6g.Sq5aVWmqpOaCBp2','MI2FBa7bGa0uCVqnTAfOJpGZpbn475yJILMPve59hlVOXAaNZ4ABh6KILfWx',1,'facebook','10154051542543781','2016-03-23 14:09:38','2016-03-23 14:10:03','Κυριάκος','Χριστοδούλου','profile.png','','','male','1994-06-28','user'),(16,'ls_mixalis@hotmail.com','$2y$10$pWdWFAS5CEOxG/gf06fLFeFm62GhAnSMV9n2Exh5S4Y33MlZjz2Ju','C6nOHdBQzKOWxyxJ4tmIxi8AvphC0UjpSdPZeJzDdLgAM6OtLqWU2omEvfmh',1,'facebook','10154274256103676','2016-03-23 16:27:16','2016-09-28 13:33:20','Mike','AnteBox','16.jpg','','','Male','2001-05-16','admin'),(17,'stylianos90@hotmail.com','$2y$10$ENcwxaTKnAyUXnFeF7Dza.SfyIYcbe5x0syCFa4ogfSvPK2lqhGBC','q6z26SHZj7zQ1dLdtShCiNZvQNCodn0YZunysyv1rraJpxZNvewAafKv45MY',1,'facebook','10153888824986488','2016-03-23 16:35:13','2016-03-23 16:36:10','Stylianos','Lambrou','profile.png',NULL,NULL,NULL,'0000-00-00','user'),(18,'marinos.miltiadous@gmail.com','$2y$10$2roDT0AXYgOpKbrtGj2ou.Y2LeCXQXaM0hlqK6TVW45GkVX7J/66G',NULL,1,NULL,NULL,'2016-03-23 16:59:50','2016-10-14 10:56:27','Marinos','Miltiadous','18.jpg',NULL,NULL,'Male','1993-05-28','user'),(19,'0','$2y$10$cohXeKI4/y5da2XjSNvvlOM2XUgoUzMQnyAYM8CwPr3PTKDcthDTu','CfVXzKgKrP1ltzgy4a2KxHzbcVxsB4rqGdOjY1BPbQuugLYYgdh8JYvRTi9l',1,'facebook','0','2016-03-23 17:03:14','2016-08-08 13:27:43','Antebox','Demo','profile.png',NULL,NULL,NULL,'0000-00-00','user'),(20,'th_demetriou@hotmail.com','$2y$10$kpYbpIHhGlGxY0qdscyvQuMNvRbT8m9.JriHCRES6oUUub82shXzS','coQL3ZIrzldaOqtkMHh2Y64U914n6JMQ4y7LpVwrSSs9eCx1AdgMnMG5xYN6',0,NULL,NULL,'2016-03-23 20:11:50','2016-07-01 17:01:35','Thek','Dem','20.jpg','','','','0000-00-00','user'),(21,'antebox@antebox.com','$2y$10$f6MGw/lqL9V/rvt3K14eoujw7yiOTfQfA.DKsJ0Iggauaj3I6wwfu','E7PcO2hjhGhlQKTSPMAPu5pmEVC2E007tVWDk2F1bbdAtgbdWMA2J4mKPWaf',0,NULL,NULL,'2016-03-25 13:38:47','2016-10-06 17:33:21','Christos','Dimitriou','profile.png',NULL,'hmm..','','2013-09-11','user'),(22,'markobgd13@gmail.com','$2y$10$kop1Uq.sukCB2pDZduV4SOOptjQrxodgr/Xn.WeZZMerejpOXorGG','xeG6V1gN7wjSHUPjUUWoSKifoPTysultWQOtIPTSS7xmKiffyapwbGesadjI',1,'facebook','10208889272930385','2016-03-26 16:25:42','2016-03-26 16:26:00','Marko','Vuckovic','profile.png','','','male','1994-05-08','user'),(23,'nic_eleni@yahoo.com','$2y$10$i0aMiv.3yieH1ZMFP6cc9OkOTtJFS6X3b49k8PkENEY2PrDGlrmGi','ja28BU6OwqwHJaXASTUVh0bF4qJLXfeISiRJz3Pk009qoriKBv4BN1iHefzv',1,NULL,NULL,'2016-03-26 18:20:51','2016-05-19 06:26:15','Lenia','Nikodemou','profile.png',NULL,NULL,NULL,'0000-00-00','user'),(24,'fujiayi123@hotmail.com','$2y$10$lrWsg/fN7odATLWMkscuVOja5rVviOhM.U/rw7fUdatpZwUoSq2Nu','V9aCdWYdSV7RDEkZwo0DnK4BPnSqMf8BIymGNATM1qAjLD7AtMSkVDifLShd',1,NULL,NULL,'2016-03-29 18:05:37','2016-03-29 18:18:58','Jiayi','Fu','profile.png','','','Male','0000-00-00','user'),(25,'l_marangos@hotmail.com','$2y$10$O2qHfEDDQhTmaKLfkQp8/OM3sQ89dkShuS6ZKBai8wYC2Fi9TB462','ijcVtyoRq9fQoXwKg9gOn3lrCyNx7LyCRPPLFa1YUUVoTPZqi2tc03X7iNE9',1,'facebook','10153377633691689','2016-03-31 00:17:13','2016-03-31 00:17:13','Lefteris','Marangos','profile.png',NULL,NULL,NULL,'0000-00-00','user'),(26,'pigasios08@gmail.com','$2y$10$w9e76hMqW/5dtaL8eaBrpeIyyLxzFNt4SqumzhjDztTa2qYTLhROS','FvWc8aoklvyCBujQKJpG5amFBCYvcqruQxf1etVZwg9XwcsXKepGWAg6NahY',1,'facebook','10156641613920234','2016-04-02 15:11:12','2016-04-02 15:11:47','Pigasios','Michael','profile.png',NULL,'I am a really cool guy. Like, as cool as it gets.','Male','1992-08-06','user'),(27,'andreas.millios@gmail.com','$2y$10$LNOifGdAvicjCrVAd70X2eryFX0QLqCW41quq.PqHAgwmhQiIlTGS','tKUiOr3Oy9AliYNm1Zxbemaw4KDqFYFamBdql3VFHCZHnR3zgltuzwEpae0q',1,'facebook','10156707478480366','2016-04-04 15:33:30','2016-06-10 08:59:12','Andreas','Millios','profile.png',NULL,NULL,NULL,'0000-00-00','user'),(28,'geocool1@hotmail.com','$2y$10$8AkyteqbEEPu54p0bGmEsOhFNHLVZtLx..WQFl/4JSSIGc3NNj/bm','UDkPTk6OinusyTYBVEmbPIT18EUGs4uwDffSGuDEqaOMrtFo8rGM5DYKpbxj',1,'facebook','10153401980652117','2016-04-08 14:51:15','2016-04-08 14:51:36','George','Zenonos','profile.png','07955035326',NULL,'Male','1992-09-22','user'),(29,'demetris22694@hotmail.com','$2y$10$rUo6YRDQSuIiHMpy4dg/9OC9TZ/F47qWwjIgUdITLItfrD0Cvfhi.','XgGxcXjSU9jcqbeeA2iXNgwiu60Ge1eKW6Tz34jEA5vmrEUTMzVVL4xrjBZL',1,'facebook','10208205977723478','2016-04-09 23:39:56','2016-04-09 23:42:01','Demetris','Spyrou','29.jpg',NULL,NULL,'Male','1994-06-22','user'),(30,'xristos_sof77@hotmail.com','$2y$10$YMdhnaK.mXjLcfsUTInJFezQ/JzwXPyCXHFc1osh2/9vMsP58zSa6',NULL,1,NULL,NULL,'2016-04-10 14:18:31','2016-04-10 14:54:36','Christos','Sofroniou','profile.png',NULL,NULL,'Male','1992-04-23','user'),(31,'aamirkanjer@gmail.com','$2y$10$Nsg7vaNRuggSRYKX1YvSMenmLPf79WarnAjvzqvGEK4FMVJgLFSG.','K1i1fVs9hs9H5TIu2Y1STxxO403NzDN5VJ991uwBtRii3mLSeaookPnKajP8',1,'facebook','216167815426877','2016-04-10 19:35:13','2016-04-10 19:35:38','Aamir','Kanjer','profile.png',NULL,NULL,'Male','1993-11-20','user'),(32,'gianniscy@gmail.com','$2y$10$KjSNLExOfEgp72KDxJKneOPQL3SqtM2jGSm0buj80M/i.MGZT32Wq',NULL,0,NULL,NULL,'2016-04-11 17:28:15','2016-04-11 17:28:15','Yiannis','Kasinopoulos','profile.png',NULL,NULL,NULL,'0000-00-00','user'),(33,'x.lazarou12@hotmail.con','$2y$10$J9MCoVu.4dUwmDcJXIeuv.ITSWF1i.dMhBodryBpXybQNzxhIRWVC',NULL,0,NULL,NULL,'2016-04-11 17:51:46','2016-04-11 17:52:47','Xanthia','Lazarou','profile.png','00447429064815',NULL,'Female','1994-11-25','user'),(34,'mirellafournari7@gmail.com','$2y$10$ec3mDqzOmWOgIHBR2v40Bu6GO9kq83HyiQctBGASdznqHk5EX2h12',NULL,1,NULL,NULL,'2016-04-11 17:57:34','2016-04-11 17:58:31','Mirella','Fournari','profile.png',NULL,NULL,NULL,'0000-00-00','user'),(35,'ioannis93@hotmail.com','$2y$10$6pOSK7j7/226tr46gHQ0tO/Qp8gskJmr8fHaNGz.LcnQBweBuyoYC','H5elRQueGUIdHEhmlPX5yukUxvpMqfPKseKqULgQ7G8Ofxrx2TJjXohKP7R6',0,NULL,NULL,'2016-04-11 22:19:25','2016-05-25 19:21:28','Ioannis','Papakyriacou','profile.png',NULL,NULL,'Male','1993-04-16','admin'),(36,'andreas_kang9@hotmail.com','$2y$10$1Yx2BENLUpBbwchaKy.Oa.PhWOPdRQHPAOosiqFlwVb8/7yJBkNHq','H3bjsudODSY0TP0O89KpLPWG3c32NRsTo1DyUDPUKnzEtVwOqd7iitiLnynq',1,'facebook','10209493156790329','2016-04-12 04:14:33','2016-10-16 19:24:55','Andreas','Kangaris','36.jpg','07462272712',NULL,'Male','1992-05-19','user'),(37,'bojana.obradovic92@gmail.com','$2y$10$kZvthHDz9e1MmgkxJz38Ju2hJr20bG5LalORvYiilHutrX4T.SzPa','gAVjaGE6wAzRwEOqkk7J3fp8SyFk0UOSHhGLQo5WkakEUq3jO3vtC7jj0PAX',1,NULL,NULL,'2016-04-12 11:16:28','2016-12-08 15:48:45','Bojana','Obradovic','37.jpg',NULL,NULL,NULL,'0000-00-00','admin'),(38,'pnearchou@gmail.com','$2y$10$hbDDgMqXDIkcOmy0NL2VYev27sANz0/I3.7xA1wlDFzOBzj5vAfPG','zMMl7pqmCUdV7t4YQdcsjgh5AziF69EsRGvftV3PyVokMFKEPNtKH5icpboT',1,'facebook','10156827843775578','2016-04-12 17:00:37','2016-04-12 17:00:54','Petro','Nearchou','profile.png',NULL,NULL,'Male','1992-04-06','user'),(39,'mikey_mike5@hotmail.com','$2y$10$hYIYjxM868fmEMyLHwlI7u4CKUQjJT4BeUReSlZ3TRD37OGwyzh0i','ZkiNs5u6cvACY1P4nGJkPWhYaqGCuHGdwG51bGXrLP7MzUBrb0VzzXKVhoAd',1,'facebook','10156838959995224','2016-04-20 13:30:05','2016-06-10 14:07:40','Michael','Michaelides','profile.png','07880353855',NULL,'Male','1993-06-02','user'),(40,'michaelides14@gmail.com','$2y$10$eqH8qb4h/8gL/T0wS9ePSOshhSqGuu1uPXHM7mhLo6zzQjwB6Prta',NULL,1,NULL,NULL,'2016-04-20 13:31:15','2016-04-20 17:49:33','Michael','Michaelides','profile.png','07880353855',NULL,NULL,'1993-06-02','user'),(41,'phlipsen10@hotmail.com','$2y$10$PBzwSV5C4nrkkmW6x2bFKuchik/izRZa/Hv0wf5uRP2GCcEvU2ycu','r34ykL15eOkhWUMU4MZvnpZdaHomhLAElbjfcRibUBoI54OJQzao2SIFRDsC',1,'facebook','10206926240609407','2016-04-22 22:43:43','2016-04-22 22:45:03','Andreas','Fesas','41.jpg','07450230706',NULL,'Male','1992-04-07','user'),(42,'raphaellageorgiou@gmail.com','$2y$10$vW.sFrkp13dLI2pPVvm5uun3hGJnRWxtsMFDo1QNlCOZMWZDqE0iO','JxME75YLHKJWX1ZGj6enUx7B2R1R0rVuceHT96ztA3mjFnE19CFsMq7Njiny',1,'facebook','868916876587730','2016-04-23 12:07:22','2016-04-23 12:08:06','Raphaella','Georgiou','profile.png',NULL,NULL,'Female','1996-09-23','user'),(43,'irene_ps12@hotmail.com','$2y$10$mw8IF0K.31wqUkEFm3jn/OJ4NyzaA8TY3PVpTIeRRopce7iwPv9OG','ht17CNqb1LoIzkCMokXz1gsN9AQ2nl4wh3SgUazxo9fHLTcSSx0nZy8iCehM',1,'facebook','10153432265316360','2016-04-25 21:40:38','2016-04-25 21:42:58','Irene','Panayidou','43.jpeg',NULL,'Very enthusiastic person, highly sociable and extremelly cheerful','Female','1994-03-12','user'),(44,'stylianosc@hotmail.com','$2y$10$pK1//pXt2.MPs8oneB.Lx.1w/XZFWl5CWCxtjizrtpWps9BY.j2oy','HmMMAvIJxaAru2PmD7cPGIY8Ljegn8rzk2OmGXeNGusH3pJY7twZkwwnvcU5',0,NULL,NULL,'2016-04-28 17:21:42','2016-05-28 06:12:29','Stylianos','Charalambous','profile.png',NULL,NULL,NULL,'0000-00-00','user'),(45,'valantiserodotou@gmail.com','$2y$10$n9zlaxZIxS51vAgLrf7pUuXE0LfNbBgQ9smgFl9g0iBLLB2YNCB8W','BXVxhiaULQigFGu0vpy8BMjqVJw3PHnGcOxAlamlU61R6LJWMsDQgpEvyAZ4',1,'facebook','1759169564318536','2016-05-01 09:26:16','2016-05-01 09:26:16','Valantis','Erodotou','profile.png',NULL,NULL,NULL,'0000-00-00','user'),(46,'valentina_constantinidou@hotmail.com','$2y$10$r2mRKmXECvLqCoOMp60WUeTPxZWD6aKg7aUO5bZNAOZFmTsj//7Ou','RcyxkBONuijH4nt06oqqwgHNiJPL4JsMLLDEETdkDKxxZbCKmnBOSWcoUva4',1,'facebook','10153406252972676','2016-05-01 09:30:23','2016-05-01 09:33:53','Valentina','Constantinidou','profile.png',NULL,NULL,NULL,'0000-00-00','user'),(47,'stellitsa.se@gmail.com','$2y$10$QpVwA9Y882C43GyumDUMR.ftrcDxskDtnCE9n6sQsbdtiZ3ImVKEG',NULL,0,NULL,NULL,'2016-05-01 09:41:05','2016-05-01 09:44:31','Stella','Hrodotou','profile.png',NULL,NULL,NULL,'0000-00-00','user'),(48,'natia60@hotmai.com','$2y$10$.lw1hyCVFybQ5F3KG6CUseyzerRCzzRHT7QIzDtAEfHY8kXzMm92K',NULL,0,NULL,NULL,'2016-05-02 12:01:39','2016-05-02 12:03:00','Natia','Socratous','profile.png','0035799389596',NULL,NULL,'1980-08-10','user'),(49,'simon.magness@city.ac.uk','$2y$10$g3u1KwbaMTjZ8ZtGvTj1Seee0xQRWp4v0StynqGaz5XOPa6/ijJVC',NULL,1,NULL,NULL,'2016-05-04 09:31:18','2016-05-04 09:31:56','Simon','Magness','profile.png',NULL,NULL,NULL,'0000-00-00','user'),(50,'malbert1@hotmail.it','$2y$10$72qVLNRuK2B8gHZro6B4DeBtZLFoWbUHLhP0mq8CYXg3R7GY6G5MW',NULL,1,NULL,NULL,'2016-05-05 06:26:06','2016-05-09 05:00:48','Giulio','Malberti','profile.png',NULL,NULL,NULL,'1994-03-16','user'),(51,'s-ng@hotmail.co.uk','$2y$10$ooPiyJ8W6AdqiKy5V59Ude.Hb6I4b1B84Ep9.94cBbJDZDL524hgK',NULL,1,NULL,NULL,'2016-05-05 09:36:36','2016-05-05 09:49:55','Steven','Green','profile.png',NULL,NULL,NULL,'0000-00-00','user'),(52,'kitsios.23@gmail.com','$2y$10$SjGA60z.jS7ucEZNu671deqzKKBHTF4aaK2s5TaJSB9YeUGeByVbC','Q4Gvbbb1IR7v6tKYDy02j9e7ttShznNV68ffRa7qPgtfudwwoR21g7RrDKQW',1,'facebook','10154032303450482','2016-05-05 14:06:18','2016-05-05 14:07:07','Marios','Kitsios','profile.png','99780445',NULL,'Male','1992-10-02','user'),(53,'alborz@acellp.uk','$2y$10$zQjl3FydWtZuNrs8UD.gL.iCYG1w97IJadFSZyHXQSZ5gR70DyGM.',NULL,0,NULL,NULL,'2016-05-05 16:59:26','2016-05-05 18:27:48','Alborz','Bozorgi','53.png',NULL,NULL,'Male','0000-00-00','user'),(54,'nik9292@hotmail.com','$2y$10$.OGqY/tkd.ydxVoZL9otx.15MwOG6KqLx1P9mhN5/BVvSl55yoTJW',NULL,0,NULL,NULL,'2016-05-06 17:47:13','2016-05-06 17:47:13','Nicholas','Savvides','profile.png',NULL,NULL,NULL,'0000-00-00','user'),(55,'andmalio93@hotmail.com','$2y$10$wvJn91csW9uVqD0eo50Zj.xMD3BQukEFsY5ergrBNG6IeY/MjTjXu',NULL,0,NULL,NULL,'2016-05-07 17:19:02','2016-05-07 17:19:02','Andreas','Maliotis','profile.png',NULL,NULL,NULL,'0000-00-00','user'),(56,'koufetas@hotmail.com','$2y$10$UMJ/hJO/PcjczT3QZoHiNeY0gWsioa5SgawMCF8Z374tvbsF3GIQu','xV93LuZA5qrg7HUSDWMZdWOuEzj7RNQEhx4SLNI4HmxAgVwNdh4KcfC6qRol',1,'facebook','10154003259360590','2016-05-09 14:25:16','2016-05-09 14:26:05','Paul','Marinos','profile.png',NULL,NULL,'Male','1992-08-13','user'),(57,'kleonas@mail.com','$2y$10$p.1C/lhJh1S6JOCbqUf7m.hlbAEnQTPCDZWQhIjiJE8iTD7RzNLBy','U1LkEESz2ZEf3jhZUULApKxaPPBad9qGycu2SkMkUzou9olEUvODbMjaRaIO',0,NULL,NULL,'2016-05-09 23:50:42','2016-05-19 18:15:48','Kleonas','Hadjiminas','profile.png',NULL,NULL,NULL,'0000-00-00','user'),(58,'rositavico3@gmail.com','$2y$10$yHEheZWWL8lyRa9ZP3CT9e305MRZDT0CYTJE.0fp8Ht9jyggRPbNK','bVtNWaVIiX1YPf0o8YAOTo2Qkd5ZgXT3W5xXOWiPyXvd8y0toNk3bQBGLZ1m',1,NULL,NULL,'2016-05-19 15:21:08','2016-05-19 18:54:26','Rosita','Vico','profile.png',NULL,NULL,NULL,'0000-00-00','user'),(59,'giasas@gmail.com','$2y$10$gskN.kTKh.aqwKfz7xHZlu1nwCjk1FjrFIuZgGMuV3A7g0rwDA1x2','7lMHWDGGgIWxQKySwRFrwQfxutVlWXTOn2cSth2fMb42TQxydAEdRSeRLHzs',1,'facebook','10154159999677210','2016-05-20 00:48:09','2016-07-01 09:03:48','Angelos','Sfakianakis','profile.png','99368000','I m Angelos!','Male','1973-12-17','user'),(60,'pavirinam@gmail.com','$2y$10$QwB5Bd/48oj1ySy7ljwAauIGRBheM5KmDctjlWCMkbecIpEggnk/K','YjiiCuDVB4eTtLiwgWZlzYdzNFcwPqWHXpMAlKDQP6PGK6K6rt05aSfyeAh7',1,'facebook','1085123024892308','2016-05-20 03:02:31','2016-05-20 03:02:32','Thomas','Anderson','profile.png',NULL,NULL,NULL,'0000-00-00','user'),(61,'qualitiedx@gmail.com','$2y$10$5WQN56AYHRLes0LmhayGuOhSzbt68YAtoDgYG6R2p87oisazAHMfq','y1Dfuv0PdtDB4QlpKjr8NYaCoUu0PyrMf8XZstZuqrQfpRMrUJIi7J1F89xK',1,'facebook','1197095663642723','2016-05-20 08:44:53','2016-05-20 08:44:57','Tasos','Tsipidis','profile.png',NULL,NULL,NULL,'0000-00-00','user'),(62,'nataliaaev@hotmail.com','$2y$10$b2A/BLNrs3cjNqgKeAfuju/xzc2yWhAwu4YYPjWPc/IN.FZjjzUKi','CONSXir4A1HnE4L8UNdSDlAWlhPfuM6ttmGtDpdGkKy5r8FpUqHTTP3zgnfI',0,NULL,NULL,'2016-05-23 05:44:23','2016-05-23 05:53:28','Natalia','Evaggelidou','62.jpg',NULL,'pushupuna','Female','1991-03-10','user'),(63,'v.hadjisolomou@gmail.com','$2y$10$CnQZGbAQGx.k.KJdY.3wUe29.BnMi.Hfs5nwOcIkjVcLn8qT9Y5Ga','rE9EIZwVO83HgHVxpwsoSOAM1VUFoYKGG4NCYaMyh4GxWGN1uVfXmuwEcFTn',1,NULL,NULL,'2016-05-28 10:42:05','2016-05-28 12:30:33','Vanessa','Hadjisolomou','profile.png',NULL,NULL,NULL,'0000-00-00','user'),(64,'vangelis1993@msn.com','$2y$10$RkeMDEB8JtjzAaNQcQyjRuvw8y56P3TSdO3mGY8PxyGhSnhIxJUWi',NULL,0,NULL,NULL,'2016-05-29 16:40:33','2016-05-29 16:40:33','Evangelos','Kasinopoulos','profile.png',NULL,NULL,NULL,'0000-00-00','user'),(65,'chris@antebox.com','$2y$10$OHL3ONdaf1IYgwZDgpmCSO3y9nremlXnrBHqBJSAzCn7qbS7XDk3e','HV4uUmv03BxMxoioC1pI4iFvJKg0K4tnzGFU52aJbIRPoBYWFbidXTK1D7md',1,NULL,NULL,'2016-06-09 10:58:47','2016-11-24 14:13:13','Christoforos','Konstantinidis','profile.png',NULL,NULL,NULL,'0000-00-00','user'),(66,'srdjanbla@yahoo.com','$2y$10$/TbwZpjFNoROoZ1jkG/84OeVlwdWCI5EuWqwKnc.DlLm1N4MZRspy','DIs6B9v3vFarSleFzCGoAntScb7VwlVCmSGsHqv9ddkBW5OABtjXJ4exQ6Lh',1,'facebook','10204771163558095','2016-06-09 17:34:28','2016-06-09 17:34:55','Srđan','Bojnović','profile.png',NULL,NULL,'Male','1992-10-23','user'),(67,'maki.smile@hotmail.com','$2y$10$65CoVt9QWy8H.zQMG.528uJYUk7Wf826V1WYku/lfDIu2MELNr1u.','aRtsBF5yqVtC7jbBOqnPqQI5etWkaDhJ5iBxfye1I35QUfGtZNUDQyqV7IMD',1,'facebook','10154211571539197','2016-06-09 17:35:22','2016-06-09 17:36:42','Marina','Popovic','67.jpg',NULL,NULL,'Female','1986-07-20','user'),(68,'strahinjabugarcic@gmail.com','$2y$10$pZhPx4pgXO8x0PPazOTkb.3d3LKY4HBURC1ZHUS/uWfo6cczLkK4q','ZFqjceTdJM6zMJzaUNOmPRgvnR1WZx5y7QTq1W81egEBBnVbDnhZlJ0EdaVJ',1,'facebook','1294897397206008','2016-06-09 18:02:09','2016-06-09 18:02:10','Strahinja','Hadži Bugarčić','profile.png',NULL,NULL,NULL,'0000-00-00','user'),(69,'tinna1993@yahoo.com','$2y$10$rmjbLQBUIgGhhCQsrmpxEeAn33vOqdtb4PINTEoc8w7CeINPHsFkG','sQhXUj5AIbIQIdZVdMJKlz33LMjmG67wiljgjecKtQotuIPmjeoItTvVRt8M',1,'facebook','10209637992772858','2016-06-09 18:20:04','2016-06-09 18:21:03','Tijana','Abramovic','69.jpeg',NULL,NULL,'Female','1993-10-27','user'),(70,'paulmarinos4@gmail.com','$2y$10$00Gbrrz.XhXCrxhyEzjFGOdTBi9pFD9Eb.NbHkSHKBHJXEJE.B/Gu',NULL,1,NULL,NULL,'2016-06-09 18:27:26','2016-06-09 18:28:05','Paul','Marinos','profile.png',NULL,NULL,'Male','1992-08-13','user'),(71,'michaelideskns@hotmail.com','$2y$10$JY8np7DYhqxCgB0JPPY2aOCLlumluxLU9xwON/Gomvc0Ela/7.jX2','gixPXRaYjvzBS90Gi9lQc9cZczJ1IOKk6ZjY2c4weL8yxNnsj1Lh3P0x916o',1,'facebook','10153579156242411','2016-06-09 19:07:44','2016-06-09 19:07:45','Christos','Michaelides','profile.png',NULL,NULL,NULL,'0000-00-00','user'),(72,'miljanaristovic0@gmail.com','$2y$10$YajJCvgf4z0bArY7T1SDXOUy2Mcvl9qryGqb40DQx/kjy9Pfpon1S',NULL,1,NULL,NULL,'2016-06-09 19:18:38','2016-06-09 19:19:11','Miljana','Ristović','profile.png',NULL,NULL,NULL,'0000-00-00','user'),(73,'so5gina@hotmail.com','$2y$10$QK90h0AtPmDx6eR3YwqV2uba1/1zLBvrV0w74nJQNrkjmwO66O9Ny','jF3HsW39uySvNah3dOOEWpx4TRdRt7eyEdaMmGuFprbRWXJwF9z2EjHifyvv',1,'facebook','10154382642729155','2016-06-10 04:32:20','2016-06-10 04:33:32','Georgina','Constandinides','profile.png','99566106','sports world traveller dreamer ','Female','1984-01-29','user'),(74,'pigasios@hotmail.com','$2y$10$BDkVG4GwTQod71N6thhCMeBQnNmWI3ARBzoql1sBj2dN4.wpmq36i',NULL,0,NULL,NULL,'2016-06-10 06:00:41','2016-06-10 06:01:50','Pigasios','Michael','profile.png','0035799868818',NULL,NULL,'1992-08-06','user'),(75,'michalis@gnosysoft.com','$2y$10$d6NV45Z/.GalvhJGfais3ug6BQksMKW6EJyi1XGkDa6UN.xcjf0Sa','MbgKfW5ovE4Z3qvbjxmfM1yH55u924gvLGU01tVFK75TkTqigqYyVrIJNgrl',0,NULL,NULL,'2016-06-10 06:34:41','2016-06-10 08:05:56','Michalis','GGG','profile.png',NULL,NULL,NULL,'0000-00-00','user'),(76,'nikolabozabozovic@gmail.com','$2y$10$te/VD4aqInjX5J867pbLVO0uOFH5hb3ixsqU8EFxU0DDC55Gjf3jm','nyOAVjzGlQ9GpiA2Kk9p3kP0IukORBKuQLZWRi6cP1E1Lp06YkDeCNXXmQTD',1,'facebook','10204617002784572','2016-06-10 09:06:53','2016-06-10 09:07:27','Nikola','Božović','profile.png','+38163332173',NULL,'Male','1992-10-31','user'),(77,'jovana.ristic@rocketmail.com','$2y$10$dRB9snUAL1J.d1Y8ZuSOfuxLvWXrdEvltiy4KoHjn4TktqcyMb9HG','GUKYsOYSoUyfCT3IfnJ5EPl6NfiTvUDHMQB7E5xNEqyg9hixXBIAHhGDtYx5',1,'facebook','10208525367844177','2016-06-10 12:04:39','2016-06-10 12:06:40','Jovana','Ristić','77.jpg','+381691779839',NULL,'Female','1992-03-16','user'),(78,'iphigenia.georgiou24@gmail.com','$2y$10$s/qS4roILtpuHVdHduvTkezgalIGreAZxs.Dyr.GUBVgcgXCWMCSi','e9vOI9oiasmcQ3MZauPn3G3xGVXMb2W86GFcOOFeksFpMpmiGGFlet9dmVO0',1,'facebook','10208519240993495','2016-06-14 12:36:00','2016-06-14 13:05:36','Iphigenia','Georgiou','profile.png','00447825611422',NULL,'Female','1994-09-24','user'),(79,'christianajgeorgiou@hotmail.com','$2y$10$ad8z7SNFRAgPU7yhN6KnQ.dCUmn/hAMNp3jd3sLa/dJQ3m75BD5Fe','ZPRValdYcRjW2f4k7f1JIWOxQBDG8MzVNMjDs3P2v7Pc4GKzPMo8bSnNuYqZ',1,'facebook','10154950112562738','2016-06-14 13:02:50','2016-06-14 13:03:21','Christiana','Georgiou','profile.png',NULL,NULL,'Female','1990-12-13','user'),(80,'kotsiosmaxitis@hotmail.com','$2y$10$R6Be06sO55hA/EBWT/uJHeFJa9cDWwAI.0aOByrmK9GieSwpfd2hu','SO5RgTrb6AeFJWJVjRk393GK5zuRkTv0r7GprN0FPhON13wuTLpkwmiOigSP',1,'facebook','10208118700697944','2016-06-14 16:29:11','2016-06-14 16:32:10','Constantinos','Orphanos','80.jpeg',NULL,NULL,'Male','1993-02-22','user'),(81,'penel@cytanet.com.cy','$2y$10$fmHEjMoUSHn9xHwq8G8Bcu3CnQk.xHleN1GIPveaEwmsmzP6M4CkW','1FbTHNOHcgvaMpaTbNyA4ErPC9uOpDlIWUzqgJlyQxSg1ADxV9Q3iwCzoUeU',1,'facebook','1126258577412459','2016-06-15 07:39:08','2016-06-15 07:39:44','Yannos','Orphanos','profile.png',NULL,NULL,'Male','1972-05-15','user'),(82,'nik.aresti@gmail.com','$2y$10$9zuLDK0nzQS3EUM66CL2j.rO8cYdFBI2i153GL.q6Xxi3SMwtl1cy','4zJpnnnEhjH6dDJRbt81sqOrH3UWR5gnepIIx1GzD5lk1CAuDZBt7YH5kfZG',1,'facebook','10209964230687984','2016-06-17 06:54:43','2016-06-17 06:54:43','Nikolas','Aresti','profile.png',NULL,NULL,NULL,'0000-00-00','user'),(83,'wdedoncker93@hotmail.com','$2y$10$iEGEZyZ8rP5J9c4ziKBLQeRNqvTdPHk1DA83IhVj8Z.yfVww1RdOu',NULL,0,NULL,NULL,'2016-06-17 07:13:41','2016-06-17 07:13:41','William','DeDoncker','profile.png',NULL,NULL,NULL,'0000-00-00','user'),(84,'alexandrakonstantinidou29@gmail.com','$2y$10$rhW7BxMb3zXn4vWc/LyQ4uzMYd.cp2r9VhYKsBFqTyXuDLQc5Ik4a','r6bv5Z2G2pLxc6cZs5RnKsLELq3kfgsQJIJy29d8F5lekAZYkY1SpsQy6j6D',1,'facebook','623586277797120','2016-06-17 10:53:05','2016-06-17 10:53:06','Alexandra','Stylianou','profile.png',NULL,NULL,NULL,'0000-00-00','user'),(85,'natasa.lazarevic26@gmail.com','$2y$10$lJXF3eE44FKruEPHDr88guIJPmZPG5Yk7qj/cocPqH2ZrQw4pkbWe','PBIw8YikuZ1bmoNZqvQ91MZybWl1XuN8j5D2nBZkqSyEVH8lcYxHP2bYUOIH',1,NULL,NULL,'2016-06-25 10:09:10','2016-11-29 15:31:14','natasa','lazarevic','profile.png',NULL,NULL,'Female','1994-06-26','user'),(86,'dimitraprinces97@hotmail.com','$2y$10$2HWAsee2t5Erz93gPtdsaeOUzR9QM885uJk0cNCV/4seDFVjclOyW','JLJmAkPvX0xC0ZgohvRLLDBCdUCKU9iwSyHzlfq0O2MNxTu3LWbIKKuyEVZk',1,'facebook','10205259885856226','2016-07-07 05:07:52','2016-07-07 05:07:53','Δήμητρα','Αβραμίδου','profile.png',NULL,NULL,NULL,'0000-00-00','user'),(87,'nihatberetta@hotmail.com','$2y$10$KHH09002hDMwsISt9w5F.efjbcXCP7OpVMVatIa7MgtGMNvOU06w2',NULL,0,NULL,NULL,'2016-07-12 10:08:59','2016-07-12 10:08:59','Nihat','Akterzi','profile.png',NULL,NULL,NULL,'0000-00-00','user'),(88,'ppeumts@gmail.com','$2y$10$GW/HywOYyrRXvzaiQM66z.0ZBrsBM/YgsVlNRIT5y./kgBmnbippS',NULL,0,NULL,NULL,'2016-07-25 06:06:15','2016-07-25 06:06:15','PayPal','MTS','profile.png',NULL,NULL,NULL,'0000-00-00','user'),(89,'chrystallakrit@hotmail.com','$2y$10$Gw/.Jb1MrByJ3j9d7RcqGenqGj/FllNSIwoFdn.hNCLqoZ1osaw42',NULL,0,NULL,NULL,'2016-08-04 15:06:40','2016-08-04 15:06:40','CHRYSTALLA','ANDREOU','profile.png',NULL,NULL,NULL,'0000-00-00','user'),(91,'eniac.blogspot@gmail.com','$2y$10$I8475mDX8z32/ZVceEVrD.2uCD7QqvpTNBe3BrKmzVUQ8.zupVdaa','5cpyM4IcOjL4bTngY1SjWFdr4y9Xl3QiHLzqRAsRCmH9Wv3T55jawffnIyd1',1,'facebook','180291362360258','2016-08-08 15:21:34','2016-10-06 17:52:34','Ricky','Moore','91.jpg',NULL,NULL,'Male','0000-00-00','user'),(92,'providencefoodsllc@yahoo.com','$2y$10$dy4QfsamgErZvygUAwr5w.rIOsqi8MOG34um.dlshbl..p4vflqW6','Uk00yY0EOPKBBVJhIq3C4W7NWFikEwLTSBMcYG8cPt0BXeYOQfj4aLDHEsQC',1,NULL,NULL,'2016-08-31 18:19:13','2016-08-31 18:25:39','Providence','Foods','92.JPG','18555591244',NULL,NULL,'0000-00-00','user'),(93,'cpkuldeepsingh@gmail.com','$2y$10$Ey0DYMtuMDK80IIElLgtQuD.KGoPODgGmS693SxSjVmDD0OTnSPYO','HVC9TFYPsJSzwSsytcBPIm0MXYbVDeMI82O1eG9Y9NW5VQE5Kgf0WntWHIzG',1,'facebook','10157364887525511','2016-09-04 09:16:38','2016-09-04 09:17:51','Raju','Singh','93.jpg',NULL,NULL,'Male','0000-00-00','user'),(94,'wladekfrankow@gmail.com','$2y$10$wxxudHw1WRIK7e.NKRE.Cu7A/htKhYjfiC0dNZD05yKtUM/.rAtAS','TW2uxyD6UQXCPajdZLG7zQ7DLNNwLl3oCtcgIyHG7WozDeSt0ZnkeI6pv4Bk',1,'facebook','1092017537520807','2016-09-16 08:01:00','2016-09-16 08:06:19','Władysław','Franków','94.jpg',NULL,NULL,'Male','0000-00-00','user'),(95,'bianca@antebox.com','$2y$10$oIGjR9YFUAICWkuldfRlOOXR6WaXdQAGXfHRvePbmX.iK3NVBppLW',NULL,1,NULL,NULL,'2016-09-30 07:46:47','2016-09-30 07:47:23','Bianca','Avram','profile.png',NULL,NULL,NULL,'0000-00-00','user'),(96,'riyashah511@hotmail.com','$2y$10$.mdTjd7ypPMks4JaJ1b5bOSbvQbnHFqt6Am5SZHaIXNURXWQLQJS6','Wt1ly806k92UHMwbw04exlrdQw7N9pvTmKd0xR0b5lLeY6jAEpaVsq2xhz16',0,NULL,NULL,'2016-10-05 12:26:36','2016-10-05 12:55:11','Riya','Shah','profile.png',NULL,NULL,NULL,'0000-00-00','user'),(97,'ralu_pussycat@yahoo.com','$2y$10$TEntSZW7A.iglsPlcy.ase3WDpD0wJ15FyrJrnk71nFFyxTzoe3I.','pPkpr9raFE3x9Vs6Xaun6c4gzVRJNtSopOjGashPx1XeYT9qZIudu7rQiyC5',1,'facebook','10207872149301465','2016-10-05 15:54:48','2016-10-05 15:54:49','Raluca','Stanca','97.jpg',NULL,NULL,'Female','0000-00-00','user'),(98,'ljuna26@gmail.com','$2y$10$dUdFqFVSAuKh9IM5qa69DOogPWbOsV.0gdnK4zpwmqMlqmZxBRzku','KRuwY1cWXQpCI2Ha0guNxCGFSRbTPjb5kTwK1ngllc7JyoiSq29nVeb9Q6dF',1,NULL,NULL,'2016-10-06 16:15:15','2016-10-06 17:14:14','Ljubica','Lazarević','profile.png',NULL,NULL,NULL,'0000-00-00','user'),(99,'alexkey89@gmail.com','$2y$10$gGpiPiE9LIJcck02SjcJTuE85V2S1noWkyadSLpOHLLHLJtvKZMD6',NULL,1,NULL,NULL,'2016-10-14 08:27:28','2016-10-14 08:53:27','Alex','Key','profile.png',NULL,NULL,NULL,'0000-00-00','user'),(100,'pecic.milica@gmail.com','$2y$10$IYm4sh7ZIRFSR5kizN5TIutDH8U80/6prxeh8OzjB9kDUffyup5iq','gjXFW9XFOw4PEiAzzVpFu6xTHwm2BCcvAkrZLtA9RJ6aRFNYZqd6csf3uLwW',0,NULL,NULL,'2016-10-20 09:24:36','2016-10-20 09:31:17','Milica','Pecić','profile.png',NULL,NULL,NULL,'0000-00-00','user'),(101,'slaven91@gmail.com','$2y$10$vgrdN9K6mwMs7wGeKdZdguhTcHwMacY2pqZafBVAhJt2to7yvig6G','BSOkJLjMS5VbdAS9FRnj35xg3Nj1lzB5uxlM30fpo3KBVtuhJu1VXV0r195R',1,NULL,NULL,'2016-10-26 08:34:40','2016-10-26 11:36:23','Slaven','Dragicevic','profile.png',NULL,NULL,NULL,'0000-00-00','user'),(102,'batnele@gmail.com','$2y$10$ELUdtBkVlpgu/YPV/pHzjeRo9N9dy2kExstRXRYTPdbP2erqVEpGq','Z2Ra9LewEUH5pDQOkPKkk1cLYZ5gcYwbBCM9Evafry5mC93NYxNumeCq36Z7',1,'facebook','1153212808088704','2016-10-28 13:34:14','2016-10-28 13:34:15','Bernardo','Assis Teixeira','102.jpg',NULL,NULL,'Male','0000-00-00','user'),(103,'d-slaven@hotmail.com','$2y$10$IHLjcOe77LN/PRHA/SpI0OSdFwHtXUCfakPkAYK65LKKKvn77GCl6',NULL,0,NULL,NULL,'2016-11-01 10:24:44','2016-11-01 10:24:44','asdf','asdf','profile.png',NULL,NULL,NULL,'0000-00-00','user'),(104,'mireillekouchian@gmail.com','$2y$10$2KTQHfWT9tZKD6pCipBIn.K7WYACNsT9utFa1c/18I6sYWLk8Zqd2',NULL,1,NULL,NULL,'2016-11-04 13:29:53','2016-11-04 13:30:18','Mireille','Kouchian','profile.png',NULL,NULL,NULL,'0000-00-00','user'),(105,'outlaw_zap@hotmail.com','$2y$10$/Hn.VQfqQpdGczCnrr7hoO74dnijQLkdxJAeeGtT2huXIUMlGbJEm','z3COxGMPavs0OB0GdMqNstbTYLrS43wN0OCBH6FcD9J1YBqn14xcxew558AY',1,'facebook','10154714102851118','2016-11-04 20:26:16','2016-11-04 20:26:17','George','Kozaily','105.jpg',NULL,NULL,'Male','0000-00-00','user'),(106,'minadragic5969@gmail.com','$2y$10$LRFR0zRF245h5ETSprJeb.IdnH/5O5MSgxsrMJsy/0TMfXYRbughu','xx5BjZScKVM9YpSc83w25Xswyc2ZDrS3Tuc2aZuN54dOX45ycc3kucl8bbZr',1,'facebook','1129612840467150','2016-11-05 13:58:29','2016-11-05 13:58:30','Mina','Dragic','106.jpg',NULL,NULL,'Female','0000-00-00','user'),(107,'maiden051985@yahoo.com','$2y$10$.rb9zLVl57FWAw00Gr.AKOx5QO.rmoSBMyMNuQj05mJ1tGlpzEnJi',NULL,1,NULL,NULL,'2016-11-05 16:02:36','2016-11-05 16:05:52','Nikola','Kovcic','107.jpg','+381692204860','Me...Myself...and Kovcha! ','Male','1985-05-05','user'),(108,'constantinidesshoots@gmail.com','$2y$10$aP1AcZEdvs9fHMVOIrCZ/uUoMVZgyWfwGPB1m.E4J0MSVssRY8Gqi',NULL,0,NULL,NULL,'2016-11-05 17:00:50','2016-11-05 17:00:50','Chris','NumberThree','profile.png',NULL,NULL,NULL,'0000-00-00','user'),(109,'johnnylocking@gmail.com','$2y$10$es2.m.xTDodOZ.3L9o/8Vek4bCrGAvSC9F4iGqSglUDNvnJ3JqpRy',NULL,1,NULL,NULL,'2016-11-05 19:50:37','2016-11-05 19:51:27','Nikola','Gavrilovic','profile.png',NULL,NULL,NULL,'0000-00-00','user'),(110,'ivana.andrejic69@gmail.com','$2y$10$1Kl00Lk48mB/6xtmIJeVhukEYeXHTG7zgXClpwaZWb.R0M99vlIQq',NULL,1,NULL,NULL,'2016-11-06 17:08:49','2016-11-06 17:11:52','Ivana','Andrejic','profile.png',NULL,NULL,'Female','0000-00-00','user'),(111,'sarevokmkvl@gmail.com','$2y$10$AjvF/WVPclEeeDljkJDFbeI9PM51cuBMM5S5Um.RZPRA./vtzA3SW',NULL,1,NULL,NULL,'2016-11-07 05:18:17','2016-11-07 05:18:38','Slobodan','Mihailović','profile.png',NULL,NULL,NULL,'0000-00-00','user'),(112,'marlyakarab@gmail.com','$2y$10$p.LzcQolRKBk3Wj1Mzn3VeDkP/f4NAnrOOP5mY/KqXoeyQ9jv2Uhq',NULL,1,NULL,NULL,'2016-11-07 09:35:56','2016-11-07 09:36:11','Omar','Ba','profile.png',NULL,NULL,NULL,'0000-00-00','user'),(113,'rahalabi1973@hotmail.com','$2y$10$rEPAHc1Ob0l/8pBFhRjNnOVV5TAnU8u97ZnuXEr45DZZUIaiZzmC2',NULL,0,NULL,NULL,'2016-11-07 13:20:22','2016-11-07 13:20:22','Ramzi','AlHalaby','profile.png',NULL,NULL,NULL,'0000-00-00','user'),(114,'franck_oueis@live.fr','$2y$10$oYqxVl1n64xP7ld0MkiYfOhhLq5pjI6/T.o6A.VbwuUGZacQwE3q.',NULL,1,NULL,NULL,'2016-11-08 16:04:36','2016-11-09 06:32:31','Franck','Oueis','profile.png','009613394181',NULL,'Male','1988-10-06','user'),(115,'m-abillama@hotmail.com','$2y$10$agZEmnW02J8nS2pLRhhF0eNuZqUkYobP61CZZxhrer20w.qsed5KG','x0vXIcTMHuz9cgGVQyN5KzR339mQqP3EbFD4R03d5OVGwCcydZiUZ3tGCRuj',1,'facebook','10157605395030276','2016-11-14 06:25:13','2016-11-14 06:25:14','Mayssa','Abillama','115.jpg',NULL,NULL,'Female','0000-00-00','user'),(116,'mattar.chrissy@gmail.com','$2y$10$NyIxA.cN1dJ0SoQ4QNZYTeHPCBqWXErWZ.wn9e8/P3IEC7K8cJSRS','kWNicvMSy4MJTUHmjlTCzTeKQNSfEUPhsAtrGkh4Gt1EcxRkwKOuCuP1KfM5',1,'facebook','10153863626816640','2016-11-14 07:57:53','2016-11-14 07:57:54','Chrissy','Matar','116.jpg',NULL,NULL,'Female','0000-00-00','user'),(117,'naaguesh@hotmail.com','$2y$10$X5774.oSozYc1RLFMXgQ3uSt8cNC.MnB3oEG8Oy7T8ZzfbVtMqKmS',NULL,1,NULL,NULL,'2016-11-17 08:51:27','2016-11-17 08:53:57','Naaguesh','Appadu','117.jpg','07894541193',NULL,NULL,'0000-00-00','user'),(118,'Info@caviarblanc.pt','$2y$10$ykbeKOHee4k.Rrz2adt0fuPnVQgfd8toCwUbKyqmNrcaojxyrT7VG',NULL,1,NULL,NULL,'2016-11-18 08:54:28','2016-12-08 15:53:12','Caviar','Blanc','118.jpg',NULL,NULL,NULL,'0000-00-00','user'),(119,'test2@antebox.com','$2y$10$jjgE7SydMApDsubTBMyGNOVwjHneYjppxHt23ugEa.aabgaG.QkAS','quZdwSvIgU4CCOdbz5eHtqIUbxNozwtoFjR1VhOrfhtgXsxco1gthQ4ibslK',0,NULL,NULL,'2016-11-18 10:48:06','2016-11-18 11:54:19','asdwad','wdawdwd','profile.png',NULL,NULL,NULL,'0000-00-00','user'),(120,'magistrelli@gmail.com','$2y$10$jtfBf4B0D1sYIqT9fnbGpO2dls2Kcm0CvTZr/7aBm.2LHzrA88cCS',NULL,1,NULL,NULL,'2016-11-18 11:54:03','2016-11-18 12:17:16','Andrea','Magistrelli','profile.png',NULL,NULL,NULL,'0000-00-00','user'),(121,'test3@antebox.com','$2y$10$uu7.inC96xa7DmJO1wT94eRLjJY/S1a.KKuutEHmrDhshnJKOhK9S','bBkl7nvwZBij1hqDD2QB3HiMinduZvngskGTj1CoYI2M7p422BT7vfXYJmT9',0,NULL,NULL,'2016-11-18 11:54:56','2016-11-18 11:55:50','test','antebox','profile.png',NULL,NULL,NULL,'0000-00-00','user'),(122,'martina.kremser@gmx.net','$2y$10$pRSK6eToNaMzBhntOAa0V.ASOHCdceHXgANVlAMeFe54C3htkIrFC','OP2tkoEUmWJJnexwJCkfu9sZwaWUlUG17VMZelNzYr0bINrEgIsyFW8sd1Ei',1,NULL,NULL,'2016-11-18 22:26:34','2016-12-17 23:16:16','Martina','Kremser','profile.png',NULL,NULL,'Female','1981-06-10','user'),(123,'info@cyprusgrapefarm.com','$2y$10$MOE33oOq7F3B9UHzLFxcheuVgZFnWpgQWMZfuSk16Eeg7Y/dLsW1a','JGhE3iWCiKI3Gx6QDkefGrfyEEucouvL2UBu0CSW7mk0RkbsyKCbvjPzabTD',1,NULL,NULL,'2016-11-19 15:34:45','2016-11-25 13:27:49','Monagri','GrapeFarm','123.jpg',NULL,NULL,NULL,'0000-00-00','user'),(124,'svilen_r@yahoo.com','$2y$10$L36WNa/nStouS5WPT5iJGuJOCHbkKlsZD0uG/6t/D9u3iPYn/5z2q','GgsfcU9unzFocY53ujLCVz9q63x6pOTkW77Xt0r1nMvYphvDDEpaVLntiO4K',1,'facebook','10154806513953421','2016-11-24 11:18:31','2016-11-24 11:18:32','Svilen','Radichkov','124.jpg',NULL,NULL,'Male','0000-00-00','user'),(125,'annpuzankova@gmail.com','$2y$10$39G89qD/.EQZAVppbH13He0snv0gIbgzHgB06qHfZzVebma0oVIo6','MTk0kXOcRJKqn14p091IY2Io7Iza1cLwrL0fp63dWqwVVuL5jlZoDHLXZC43',1,'facebook','1173952436015340','2016-11-24 13:17:28','2016-11-24 13:17:30','Anna','Puzankowa','125.jpg',NULL,NULL,'Female','0000-00-00','user'),(126,'sconstantinidou@cklawcyprus.com','$2y$10$8rIoaEVeUBNc7myNeyUXyuP5eXoI1ezYGbdMZUf0VgnaxaC8QBZKm',NULL,1,NULL,NULL,'2016-11-25 09:13:48','2016-11-25 09:38:10','Stella','Constantinidou','profile.png',NULL,NULL,NULL,'0000-00-00','user'),(127,'ss16017@gmail.com','$2y$10$wQ9eWvOJEQwqQV.IQ09pXuJP7H4BzEwuTdSdUptu5BRO.NfBSWjui','ZnQ5kZE4ygRvoxYKfsYZDlWsVsxFB3TsXbQv7UkNt2DUX5xHinuVR8jrmVAE',1,'facebook','1493385607356275','2016-11-28 15:58:58','2016-11-28 15:58:59','Stefan','Tanaskovic','127.jpg',NULL,NULL,'Male','0000-00-00','user'),(128,'b_esni@live.com','$2y$10$xpFsqeFGq1zvpGtZE/zZleI5RBU2ROuloQHtAptOf5A12/qGTNOYW','xkMIt9jMC5JSvTp8akWeGJxrcUj5xjGWY3jyDQFv7soJCfaQQktVOpIXATRE',1,'facebook','10210887630415627','2016-11-28 15:59:55','2016-11-28 15:59:56','Dobrivoje','Dakić','128.jpg',NULL,NULL,'Male','0000-00-00','user'),(129,'zerbi71@gmail.com','$2y$10$Yb1Ch8Touo3fKKyLxxuBouU2XJXZ68se0c5wujSpLLx9/FMSFwZSS','i3Du0ScHCEAIDUQr9RUzsD2SgEjgkrrxusF0OIxsTpofb2A646oeOtkjYZru',1,'facebook','568310703366273','2016-12-01 16:27:06','2016-12-01 16:27:10','Stefania','Zerbinati','129.jpg',NULL,NULL,'Female','0000-00-00','user'),(130,'nektarioscassar@gmail.com','$2y$10$oy/Bd4Qvra5WMXlxCDgs..jycrWwXsbnnUd2g0GwENDiAc5i0vz1C',NULL,1,NULL,NULL,'2016-12-08 13:57:00','2016-12-08 13:59:29','Nektarios','Cassar','profile.png',NULL,NULL,NULL,'0000-00-00','user'),(131,'yiorgospapa@hotmail.com','$2y$10$6eshisQCvQmH354MiePdNeWggeaw38Qj2daHS.vpbzy4gI0T6y.1a',NULL,1,NULL,NULL,'2016-12-08 15:30:01','2016-12-08 15:30:51','George','Papageorgiou','profile.png',NULL,NULL,NULL,'0000-00-00','user'),(132,'marilenabelmonte@alice.it','$2y$10$nMFSWxwpZOfhS42m.Sk7s.Owr0a36iQ693wT1qPQg4PKkdxnqehYu','lskxtRr9kXtIV9sPec1JNzDfFnHOBUG2VO4EpH5DgjsJfmIpEfLoIVFS4MiK',1,'facebook','10154888447303987','2016-12-12 06:59:34','2016-12-12 06:59:35','Marilena','Belmonte','132.jpg',NULL,NULL,'Female','0000-00-00','user'),(133,'is_206@hotmail.co.uk','$2y$10$Ay03ClBivJzjvzQqvRcMEukabQJ73KkK5AKOcuKunuCYT2RL1xjPy','gQVyRiCzuhwn0wNQ3GVQkeiZhLICc9e2ORXfumIy4oao5JZy94FWHAOKwbVg',1,'facebook','10153986160981822','2017-01-02 12:47:06','2017-01-02 12:47:07','Ismail','Samee Uddin','133.jpg',NULL,NULL,'Male','0000-00-00','user');
/*!40000 ALTER TABLE `users` ENABLE KEYS */;
UNLOCK TABLES;

--
-- Table structure for table `verification_tokens`
--

DROP TABLE IF EXISTS `verification_tokens`;
/*!40101 SET @saved_cs_client     = @@character_set_client */;
/*!40101 SET character_set_client = utf8 */;
CREATE TABLE `verification_tokens` (
  `id` int(10) unsigned NOT NULL AUTO_INCREMENT,
  `user_id` int(10) unsigned NOT NULL,
  `token` text COLLATE utf8_unicode_ci NOT NULL,
  `created_at` timestamp NULL DEFAULT NULL,
  `updated_at` timestamp NULL DEFAULT NULL,
  PRIMARY KEY (`id`),
  KEY `verification_tokens_user_id_foreign` (`user_id`),
  CONSTRAINT `verification_tokens_user_id_foreign` FOREIGN KEY (`user_id`) REFERENCES `users` (`id`)
) ENGINE=InnoDB AUTO_INCREMENT=49 DEFAULT CHARSET=utf8 COLLATE=utf8_unicode_ci;
/*!40101 SET character_set_client = @saved_cs_client */;

--
-- Dumping data for table `verification_tokens`
--

LOCK TABLES `verification_tokens` WRITE;
/*!40000 ALTER TABLE `verification_tokens` DISABLE KEYS */;
INSERT INTO `verification_tokens` VALUES (19,21,'oML0TxMAFlP7uaKIwuQQzKnJlh9ailXM804XJOk1xnhrNDMtZmRGqKpHPdTqfFEUBxnW6bFZsOGOTSBgfrU0w7mosBND1XBGwPWA','2016-06-30 04:41:44','2016-06-30 04:41:44'),(20,87,'dfdhKHlmAvTnPt0TKmlBROGJNso6pqFE8sbgpTkEX7ZO2nkWnPnNKjpXeRpUm5PFV5mZSA0cUlBjOYgywbTfUhrQb8X5qUaUvrl8','2016-07-12 10:08:59','2016-07-12 10:08:59'),(21,88,'MsBN1MQtrrPe5tek96i2ji4NANfr3SrvFCoVYLqaAjFv5fJgb35TCJbRy6mUoZEIbWvJz2nj9RENRKUMvk9A7ZvIeXC4HtZo6EJY','2016-07-25 06:06:15','2016-07-25 06:06:15'),(22,89,'Ynkss7N1osspgE6YOy51gnln39egX3ZTXAEQxLiWBByOqFZ5nxRg0Co4mLBnb4x896dEJFIc1tuKJVY9rK143srQdb7FgPWHduns','2016-08-04 15:06:40','2016-08-04 15:06:40'),(25,96,'atGjaT9lmq9W4wrdFOl9L4YfjI1kyYT2V1aLqSaLHoVa0KaZzFU02xtSshl4GaBrgmgLIkCssYRojzaDnDm7YUvi9ZCrEODOC6vz','2016-10-05 12:26:36','2016-10-05 12:26:36'),(28,100,'msLTSD77czADpDvMBwtBmY4Vyx3bLbmbswC64x1cgtfGIB8ORJgemYScsAYsgdKZ3UOkbi1QXxrYybQnpsy8Zxz4UgBBoAWaVIwt','2016-10-20 09:24:36','2016-10-20 09:24:36'),(30,103,'p0LZBT4gt6UN2SlJpkKu19OuUsV4kRcSlgfw2wEWLN5TLxUEmcYU2GKjYrBEnoFEcL6v3OyImM5kqfWjpP5p9jQjbNhRojT1EKRE','2016-11-01 10:24:44','2016-11-01 10:24:44'),(33,108,'zycGu67q3YSHgad7ZVpWcLAY7cqhzhBslotscpZD5gxLaAnphh4onZjdg3MQ4RJyFoqRq526zbOFjKt1NWUG58limm9VrC2JY7V0','2016-11-05 17:00:50','2016-11-05 17:00:50'),(38,113,'ulx1xS8HKC6givX0ZxdX08XhWkWJ9QaDycE6mFgdTp3cNJMBvkNd4AUhnDOdzbiixi1BGDhC9WiXh6E8K3Zm0lAcgtQOY7u5trOA','2016-11-07 13:20:22','2016-11-07 13:20:22'),(41,119,'WhwcOB1FpRusRAKgxFVe3edJFisRL6pV6rW7RNfPG1BxnOZfZ4FC16C7IPCeNnhk3a5h2yfny4LYsZ8M8Wp0ez2USXEGXTNUIUHL','2016-11-18 10:48:06','2016-11-18 10:48:06'),(43,121,'A9isO2uOjP6x6MdwN7ww1PnixKzaUSijLDtVM8gY2mwvGoyg7LPhGEufu6Hhm6VNlWsPkOhpS8Wju5KEqUieJwyPqSczM0i11noe','2016-11-18 11:54:56','2016-11-18 11:54:56');
/*!40000 ALTER TABLE `verification_tokens` ENABLE KEYS */;
UNLOCK TABLES;
/*!40103 SET TIME_ZONE=@OLD_TIME_ZONE */;

/*!40101 SET SQL_MODE=@OLD_SQL_MODE */;
/*!40014 SET FOREIGN_KEY_CHECKS=@OLD_FOREIGN_KEY_CHECKS */;
/*!40014 SET UNIQUE_CHECKS=@OLD_UNIQUE_CHECKS */;
/*!40101 SET CHARACTER_SET_CLIENT=@OLD_CHARACTER_SET_CLIENT */;
/*!40101 SET CHARACTER_SET_RESULTS=@OLD_CHARACTER_SET_RESULTS */;
/*!40101 SET COLLATION_CONNECTION=@OLD_COLLATION_CONNECTION */;
/*!40111 SET SQL_NOTES=@OLD_SQL_NOTES */;

-- Dump completed on 2017-01-02 23:01:32
